Workbook
Name TicketData: DataSheet!$I$30:$K$33
Name SinnerIDList: 'ID Level'!$I$2:$I$999
Name SinnerEGOData: 'EGO Tier'!$J$2:$K$999
Name SinnerEGOList: 'EGO Tier'!$J$2:$J$999
Name EGOShardNeeded: 'EGO Tier'!$N$2:$N$999
Name TicketList: DataSheet!$I$30:$I$33
Name IDExtractionList: 'ID Level'!$N$2:$N$999
Name EGOExtractionList: 'EGO Tier'!$M$2:$M$999
Name SinnerIDData: 'ID Level'!$I$2:$M$999
Name IDShardNeeded: 'ID Level'!$O$2:$O$999
Name FingerList: 'IF SS7 Sheet'!$F$15:$F$19
Name ShardNumber: DataSheet!$L$1:$N$12
Name SinnerList: DataSheet!$I$1:$I$12
Name SinnerAcronym: DataSheet!$H$1:$H$12
Name FingerList: 'IF SS8 Sheet'!$F$15:$F$19
Name LevelRange: DataSheet!$A$2:$A$101
Name ManagerXPData: DataSheet!$D$2:$G$201
Name SinnerShard: DataSheet!$I$1:$J$12
Name IDLevelRange: DataSheet!$A$2:$C$101
Name ShardUsage: DataSheet!$L$1:$L$12

Sheet Lunacy
A1: Lunacy Total | B1: Paid Lunacy | C1: Free Lunacy | D1: Extraction Ticket | E1: Decaextraction Ticket | F1: Total Rolls | G1: 46198.182 | H1: =Inventory!K14 -> Tue
A2: 38996 | B2: 2841 | C2: =A2-B2 -> 36155 | D2: 23 | E2: 0 | F2: =SUM(F3:F4) -> 301
B3: 10 Rolls | C3: =(C2-MOD(C2,1300))/130 -> 270 | D3: =(D2-MOD(D2,10)) -> 20 | E3: =E2*10 -> 0 | F3: =SUM(C3:E3) -> 290
B4: 1 Roll After | C4: =ROUNDDOWN((MOD(C2,1300))/130,0) -> 8 | D4: =D2-(D2-MOD(D2,10)) -> 3 | E4: 0 | F4: =SUM(C4:E4) -> 11
B5: Leftover Lunacy | C5: =C2-C3*130 -> 1055
A6: Next Week Projection | G6: Next Week Projection | M6: Next Week Projection
A7: MD Lunacy | B7: =C2+750 -> 36905 | C7: =G1+7 -> 46205.182 | G7: MD Lunacy | H7: =B80+750 -> 44289 | I7: =C79+7 -> 46296.182 | M7: MD Lunacy | N7: =H80+750 -> 51673 | O7: =I79+7 -> 46387.182
A8: - 7 Daily Convert | B8: =B7-(7*26) -> 36723 | C8: =$D$2 -> 23 | D8: =$E$2 -> 0 | E8: =E9+E10 -> 305 | G8: - 7 Daily Convert | H8: =H7-(7*26) -> 44107 | I8: =$D$2 -> 23 | J8: =$E$2 -> 0 | K8: =K9+K10 -> 362 | M8: - 7 Daily Convert | N8: =N7-(7*26) -> 51491 | O8: =$D$2 -> 23 | P8: =$E$2 -> 0 | Q8: =Q9+Q10 -> 419
A9: 10 Rolls | B9: =(B8-MOD(B8,1300))/130 -> 280 | C9: =(C8-MOD(C8,10)) -> 20 | D9: =D8*10 -> 0 | E9: =B9+C9+D9 -> 300 | G9: 10 Rolls | H9: =(H8-MOD(H8,1300))/130 -> 330 | I9: =(I8-MOD(I8,10)) -> 20 | J9: =J8*10 -> 0 | K9: =H9+I9+J9 -> 350 | M9: 10 Rolls | N9: =(N8-MOD(N8,1300))/130 -> 390 | O9: =(O8-MOD(O8,10)) -> 20 | P9: =P8*10 -> 0 | Q9: =N9+O9+P9 -> 410
A10: 1 Roll After | B10: =ROUNDDOWN((MOD(B8,1300))/130,0) -> 2 | C10: =C8-(C8-MOD(C8,10)) -> 3 | D10: 0 | E10: =B10+C10+D10 -> 5 | G10: 1 Roll After | H10: =ROUNDDOWN((MOD(H8,1300))/130,0) -> 9 | I10: =I8-(I8-MOD(I8,10)) -> 3 | J10: 0 | K10: =H10+I10+J10 -> 12 | M10: 1 Roll After | N10: =ROUNDDOWN((MOD(N8,1300))/130,0) -> 6 | O10: =O8-(O8-MOD(O8,10)) -> 3 | P10: 0 | Q10: =N10+O10+P10 -> 9
A12: Next Week Projection | G12: Next Week Projection | M12: Next Week Projection
A13: MD Lunacy | B13: =B8+750 -> 37473 | C13: =C7+7 -> 46212.182 | G13: MD Lunacy | H13: =H8+750 -> 44857 | I13: =I7+7 -> 46303.182 | M13: MD Lunacy | N13: =N8+750 -> 52241 | O13: =O7+7 -> 46394.182
A14: - 7 Daily Convert | B14: =B13-(7*26) -> 37291 | C14: =$D$2 -> 23 | D14: =$E$2 -> 0 | E14: =E15+E16 -> 309 | G14: - 7 Daily Convert | H14: =H13-(7*26) -> 44675 | I14: =$D$2 -> 23 | J14: =$E$2 -> 0 | K14: =K15+K16 -> 366 | M14: - 7 Daily Convert | N14: =N13-(7*26) -> 52059 | O14: =$D$2 -> 23 | P14: =$E$2 -> 0 | Q14: =Q15+Q16 -> 423
A15: 10 Rolls | B15: =(B14-MOD(B14,1300))/130 -> 280 | C15: =(C14-MOD(C14,10)) -> 20 | D15: =D14*10 -> 0 | E15: =B15+C15+D15 -> 300 | G15: 10 Rolls | H15: =(H14-MOD(H14,1300))/130 -> 340 | I15: =(I14-MOD(I14,10)) -> 20 | J15: =J14*10 -> 0 | K15: =H15+I15+J15 -> 360 | M15: 10 Rolls | N15: =(N14-MOD(N14,1300))/130 -> 400 | O15: =(O14-MOD(O14,10)) -> 20 | P15: =P14*10 -> 0 | Q15: =N15+O15+P15 -> 420
A16: 1 Roll After | B16: =ROUNDDOWN((MOD(B14,1300))/130,0) -> 6 | C16: =C14-(C14-MOD(C14,10)) -> 3 | D16: 0 | E16: =B16+C16+D16 -> 9 | G16: 1 Roll After | H16: =ROUNDDOWN((MOD(H14,1300))/130,0) -> 3 | I16: =I14-(I14-MOD(I14,10)) -> 3 | J16: 0 | K16: =H16+I16+J16 -> 6 | M16: 1 Roll After | N16: =ROUNDDOWN((MOD(N14,1300))/130,0) -> 0 | O16: =O14-(O14-MOD(O14,10)) -> 3 | P16: 0 | Q16: =N16+O16+P16 -> 3
A18: Next Week Projection | G18: Next Week Projection | M18: Next Week Projection
A19: MD Lunacy | B19: =B14+750 -> 38041 | C19: =C13+7 -> 46219.182 | G19: MD Lunacy | H19: =H14+750 -> 45425 | I19: =I13+7 -> 46310.182 | M19: MD Lunacy | N19: =N14+750 -> 52809 | O19: =O13+7 -> 46401.182
A20: - 7 Daily Convert | B20: =B19-(7*26) -> 37859 | C20: =$D$2 -> 23 | D20: =$E$2 -> 0 | E20: =E21+E22 -> 314 | G20: - 7 Daily Convert | H20: =H19-(7*26) -> 45243 | I20: =$D$2 -> 23 | J20: =$E$2 -> 0 | K20: =K21+K22 -> 371 | M20: - 7 Daily Convert | N20: =N19-(7*26) -> 52627 | O20: =$D$2 -> 23 | P20: =$E$2 -> 0 | Q20: =Q21+Q22 -> 427
A21: 10 Rolls | B21: =(B20-MOD(B20,1300))/130 -> 290 | C21: =(C20-MOD(C20,10)) -> 20 | D21: =D20*10 -> 0 | E21: =B21+C21+D21 -> 310 | G21: 10 Rolls | H21: =(H20-MOD(H20,1300))/130 -> 340 | I21: =(I20-MOD(I20,10)) -> 20 | J21: =J20*10 -> 0 | K21: =H21+I21+J21 -> 360 | M21: 10 Rolls | N21: =(N20-MOD(N20,1300))/130 -> 400 | O21: =(O20-MOD(O20,10)) -> 20 | P21: =P20*10 -> 0 | Q21: =N21+O21+P21 -> 420
A22: 1 Roll After | B22: =ROUNDDOWN((MOD(B20,1300))/130,0) -> 1 | C22: =C20-(C20-MOD(C20,10)) -> 3 | D22: 0 | E22: =B22+C22+D22 -> 4 | G22: 1 Roll After | H22: =ROUNDDOWN((MOD(H20,1300))/130,0) -> 8 | I22: =I20-(I20-MOD(I20,10)) -> 3 | J22: 0 | K22: =H22+I22+J22 -> 11 | M22: 1 Roll After | N22: =ROUNDDOWN((MOD(N20,1300))/130,0) -> 4 | O22: =O20-(O20-MOD(O20,10)) -> 3 | P22: 0 | Q22: =N22+O22+P22 -> 7
A24: Next Week Projection | G24: Next Week Projection | M24: Next Week Projection
A25: MD Lunacy | B25: =B20+750 -> 38609 | C25: =C19+7 -> 46226.182 | G25: MD Lunacy | H25: =H20+750 -> 45993 | I25: =I19+7 -> 46317.182 | M25: MD Lunacy | N25: =N20+750 -> 53377 | O25: =O19+7 -> 46408.182
A26: - 7 Daily Convert | B26: =B25-(7*26) -> 38427 | C26: =$D$2 -> 23 | D26: =$E$2 -> 0 | E26: =E27+E28 -> 318 | G26: - 7 Daily Convert | H26: =H25-(7*26) -> 45811 | I26: =$D$2 -> 23 | J26: =$E$2 -> 0 | K26: =K27+K28 -> 375 | M26: - 7 Daily Convert | N26: =N25-(7*26) -> 53195 | O26: =$D$2 -> 23 | P26: =$E$2 -> 0 | Q26: =Q27+Q28 -> 432
A27: 10 Rolls | B27: =(B26-MOD(B26,1300))/130 -> 290 | C27: =(C26-MOD(C26,10)) -> 20 | D27: =D26*10 -> 0 | E27: =B27+C27+D27 -> 310 | G27: 10 Rolls | H27: =(H26-MOD(H26,1300))/130 -> 350 | I27: =(I26-MOD(I26,10)) -> 20 | J27: =J26*10 -> 0 | K27: =H27+I27+J27 -> 370 | M27: 10 Rolls | N27: =(N26-MOD(N26,1300))/130 -> 400 | O27: =(O26-MOD(O26,10)) -> 20 | P27: =P26*10 -> 0 | Q27: =N27+O27+P27 -> 420
A28: 1 Roll After | B28: =ROUNDDOWN((MOD(B26,1300))/130,0) -> 5 | C28: =C26-(C26-MOD(C26,10)) -> 3 | D28: 0 | E28: =B28+C28+D28 -> 8 | G28: 1 Roll After | H28: =ROUNDDOWN((MOD(H26,1300))/130,0) -> 2 | I28: =I26-(I26-MOD(I26,10)) -> 3 | J28: 0 | K28: =H28+I28+J28 -> 5 | M28: 1 Roll After | N28: =ROUNDDOWN((MOD(N26,1300))/130,0) -> 9 | O28: =O26-(O26-MOD(O26,10)) -> 3 | P28: 0 | Q28: =N28+O28+P28 -> 12
A30: Next Week Projection | G30: Next Week Projection | M30: Next Week Projection
A31: MD Lunacy | B31: =B26+750 -> 39177 | C31: =C25+7 -> 46233.182 | G31: MD Lunacy | H31: =H26+750 -> 46561 | I31: =I25+7 -> 46324.182 | M31: MD Lunacy | N31: =N26+750 -> 53945 | O31: =O25+7 -> 46415.182
A32: - 7 Daily Convert | B32: =B31-(7*26) -> 38995 | C32: =$D$2 -> 23 | D32: =$E$2 -> 0 | E32: =E33+E34 -> 322 | G32: - 7 Daily Convert | H32: =H31-(7*26) -> 46379 | I32: =$D$2 -> 23 | J32: =$E$2 -> 0 | K32: =K33+K34 -> 379 | M32: - 7 Daily Convert | N32: =N31-(7*26) -> 53763 | O32: =$D$2 -> 23 | P32: =$E$2 -> 0 | Q32: =Q33+Q34 -> 436
A33: 10 Rolls | B33: =(B32-MOD(B32,1300))/130 -> 290 | C33: =(C32-MOD(C32,10)) -> 20 | D33: =D32*10 -> 0 | E33: =B33+C33+D33 -> 310 | G33: 10 Rolls | H33: =(H32-MOD(H32,1300))/130 -> 350 | I33: =(I32-MOD(I32,10)) -> 20 | J33: =J32*10 -> 0 | K33: =H33+I33+J33 -> 370 | M33: 10 Rolls | N33: =(N32-MOD(N32,1300))/130 -> 410 | O33: =(O32-MOD(O32,10)) -> 20 | P33: =P32*10 -> 0 | Q33: =N33+O33+P33 -> 430
A34: 1 Roll After | B34: =ROUNDDOWN((MOD(B32,1300))/130,0) -> 9 | C34: =C32-(C32-MOD(C32,10)) -> 3 | D34: 0 | E34: =B34+C34+D34 -> 12 | G34: 1 Roll After | H34: =ROUNDDOWN((MOD(H32,1300))/130,0) -> 6 | I34: =I32-(I32-MOD(I32,10)) -> 3 | J34: 0 | K34: =H34+I34+J34 -> 9 | M34: 1 Roll After | N34: =ROUNDDOWN((MOD(N32,1300))/130,0) -> 3 | O34: =O32-(O32-MOD(O32,10)) -> 3 | P34: 0 | Q34: =N34+O34+P34 -> 6
A36: Next Week Projection | G36: Next Week Projection | M36: Next Week Projection
A37: MD Lunacy | B37: =B32+750 -> 39745 | C37: =C31+7 -> 46240.182 | G37: MD Lunacy | H37: =H32+750 -> 47129 | I37: =I31+7 -> 46331.182 | M37: MD Lunacy | N37: =N32+750 -> 54513 | O37: =O31+7 -> 46422.182
A38: - 7 Daily Convert | B38: =B37-(7*26) -> 39563 | C38: =$D$2 -> 23 | D38: =$E$2 -> 0 | E38: =E39+E40 -> 327 | G38: - 7 Daily Convert | H38: =H37-(7*26) -> 46947 | I38: =$D$2 -> 23 | J38: =$E$2 -> 0 | K38: =K39+K40 -> 384 | M38: - 7 Daily Convert | N38: =N37-(7*26) -> 54331 | O38: =$D$2 -> 23 | P38: =$E$2 -> 0 | Q38: =Q39+Q40 -> 440
A39: 10 Rolls | B39: =(B38-MOD(B38,1300))/130 -> 300 | C39: =(C38-MOD(C38,10)) -> 20 | D39: =D38*10 -> 0 | E39: =B39+C39+D39 -> 320 | G39: 10 Rolls | H39: =(H38-MOD(H38,1300))/130 -> 360 | I39: =(I38-MOD(I38,10)) -> 20 | J39: =J38*10 -> 0 | K39: =H39+I39+J39 -> 380 | M39: 10 Rolls | N39: =(N38-MOD(N38,1300))/130 -> 410 | O39: =(O38-MOD(O38,10)) -> 20 | P39: =P38*10 -> 0 | Q39: =N39+O39+P39 -> 430
A40: 1 Roll After | B40: =ROUNDDOWN((MOD(B38,1300))/130,0) -> 4 | C40: =C38-(C38-MOD(C38,10)) -> 3 | D40: 0 | E40: =B40+C40+D40 -> 7 | G40: 1 Roll After | H40: =ROUNDDOWN((MOD(H38,1300))/130,0) -> 1 | I40: =I38-(I38-MOD(I38,10)) -> 3 | J40: 0 | K40: =H40+I40+J40 -> 4 | M40: 1 Roll After | N40: =ROUNDDOWN((MOD(N38,1300))/130,0) -> 7 | O40: =O38-(O38-MOD(O38,10)) -> 3 | P40: 0 | Q40: =N40+O40+P40 -> 10
A42: Next Week Projection | G42: Next Week Projection | M42: Next Week Projection
A43: MD Lunacy | B43: =B38+750 -> 40313 | C43: =C37+7 -> 46247.182 | G43: MD Lunacy | H43: =H38+750 -> 47697 | I43: =I37+7 -> 46338.182 | M43: MD Lunacy | N43: =N38+750 -> 55081 | O43: =O37+7 -> 46429.182
A44: - 7 Daily Convert | B44: =B43-(7*26) -> 40131 | C44: =$D$2 -> 23 | D44: =$E$2 -> 0 | E44: =E45+E46 -> 331 | G44: - 7 Daily Convert | H44: =H43-(7*26) -> 47515 | I44: =$D$2 -> 23 | J44: =$E$2 -> 0 | K44: =K45+K46 -> 388 | M44: - 7 Daily Convert | N44: =N43-(7*26) -> 54899 | O44: =$D$2 -> 23 | P44: =$E$2 -> 0 | Q44: =Q45+Q46 -> 445
A45: 10 Rolls | B45: =(B44-MOD(B44,1300))/130 -> 300 | C45: =(C44-MOD(C44,10)) -> 20 | D45: =D44*10 -> 0 | E45: =B45+C45+D45 -> 320 | G45: 10 Rolls | H45: =(H44-MOD(H44,1300))/130 -> 360 | I45: =(I44-MOD(I44,10)) -> 20 | J45: =J44*10 -> 0 | K45: =H45+I45+J45 -> 380 | M45: 10 Rolls | N45: =(N44-MOD(N44,1300))/130 -> 420 | O45: =(O44-MOD(O44,10)) -> 20 | P45: =P44*10 -> 0 | Q45: =N45+O45+P45 -> 440
A46: 1 Roll After | B46: =ROUNDDOWN((MOD(B44,1300))/130,0) -> 8 | C46: =C44-(C44-MOD(C44,10)) -> 3 | D46: 0 | E46: =B46+C46+D46 -> 11 | G46: 1 Roll After | H46: =ROUNDDOWN((MOD(H44,1300))/130,0) -> 5 | I46: =I44-(I44-MOD(I44,10)) -> 3 | J46: 0 | K46: =H46+I46+J46 -> 8 | M46: 1 Roll After | N46: =ROUNDDOWN((MOD(N44,1300))/130,0) -> 2 | O46: =O44-(O44-MOD(O44,10)) -> 3 | P46: 0 | Q46: =N46+O46+P46 -> 5
A48: Next Week Projection | G48: Next Week Projection | M48: Next Week Projection
A49: MD Lunacy | B49: =B44+750 -> 40881 | C49: =C43+7 -> 46254.182 | G49: MD Lunacy | H49: =H44+750 -> 48265 | I49: =I43+7 -> 46345.182 | M49: MD Lunacy | N49: =N44+750 -> 55649 | O49: =O43+7 -> 46436.182
A50: - 7 Daily Convert | B50: =B49-(7*26) -> 40699 | C50: =$D$2 -> 23 | D50: =$E$2 -> 0 | E50: =E51+E52 -> 336 | G50: - 7 Daily Convert | H50: =H49-(7*26) -> 48083 | I50: =$D$2 -> 23 | J50: =$E$2 -> 0 | K50: =K51+K52 -> 392 | M50: - 7 Daily Convert | N50: =N49-(7*26) -> 55467 | O50: =$D$2 -> 23 | P50: =$E$2 -> 0 | Q50: =Q51+Q52 -> 449
A51: 10 Rolls | B51: =(B50-MOD(B50,1300))/130 -> 310 | C51: =(C50-MOD(C50,10)) -> 20 | D51: =D50*10 -> 0 | E51: =B51+C51+D51 -> 330 | G51: 10 Rolls | H51: =(H50-MOD(H50,1300))/130 -> 360 | I51: =(I50-MOD(I50,10)) -> 20 | J51: =J50*10 -> 0 | K51: =H51+I51+J51 -> 380 | M51: 10 Rolls | N51: =(N50-MOD(N50,1300))/130 -> 420 | O51: =(O50-MOD(O50,10)) -> 20 | P51: =P50*10 -> 0 | Q51: =N51+O51+P51 -> 440
A52: 1 Roll After | B52: =ROUNDDOWN((MOD(B50,1300))/130,0) -> 3 | C52: =C50-(C50-MOD(C50,10)) -> 3 | D52: 0 | E52: =B52+C52+D52 -> 6 | G52: 1 Roll After | H52: =ROUNDDOWN((MOD(H50,1300))/130,0) -> 9 | I52: =I50-(I50-MOD(I50,10)) -> 3 | J52: 0 | K52: =H52+I52+J52 -> 12 | M52: 1 Roll After | N52: =ROUNDDOWN((MOD(N50,1300))/130,0) -> 6 | O52: =O50-(O50-MOD(O50,10)) -> 3 | P52: 0 | Q52: =N52+O52+P52 -> 9
A54: Next Week Projection | G54: Next Week Projection | M54: Next Week Projection
A55: MD Lunacy | B55: =B50+750 -> 41449 | C55: =C49+7 -> 46261.182 | G55: MD Lunacy | H55: =H50+750 -> 48833 | I55: =I49+7 -> 46352.182 | M55: MD Lunacy | N55: =N50+750 -> 56217 | O55: =O49+7 -> 46443.182
A56: - 7 Daily Convert | B56: =B55-(7*26) -> 41267 | C56: =$D$2 -> 23 | D56: =$E$2 -> 0 | E56: =E57+E58 -> 340 | G56: - 7 Daily Convert | H56: =H55-(7*26) -> 48651 | I56: =$D$2 -> 23 | J56: =$E$2 -> 0 | K56: =K57+K58 -> 397 | M56: - 7 Daily Convert | N56: =N55-(7*26) -> 56035 | O56: =$D$2 -> 23 | P56: =$E$2 -> 0 | Q56: =Q57+Q58 -> 454
A57: 10 Rolls | B57: =(B56-MOD(B56,1300))/130 -> 310 | C57: =(C56-MOD(C56,10)) -> 20 | D57: =D56*10 -> 0 | E57: =B57+C57+D57 -> 330 | G57: 10 Rolls | H57: =(H56-MOD(H56,1300))/130 -> 370 | I57: =(I56-MOD(I56,10)) -> 20 | J57: =J56*10 -> 0 | K57: =H57+I57+J57 -> 390 | M57: 10 Rolls | N57: =(N56-MOD(N56,1300))/130 -> 430 | O57: =(O56-MOD(O56,10)) -> 20 | P57: =P56*10 -> 0 | Q57: =N57+O57+P57 -> 450
A58: 1 Roll After | B58: =ROUNDDOWN((MOD(B56,1300))/130,0) -> 7 | C58: =C56-(C56-MOD(C56,10)) -> 3 | D58: 0 | E58: =B58+C58+D58 -> 10 | G58: 1 Roll After | H58: =ROUNDDOWN((MOD(H56,1300))/130,0) -> 4 | I58: =I56-(I56-MOD(I56,10)) -> 3 | J58: 0 | K58: =H58+I58+J58 -> 7 | M58: 1 Roll After | N58: =ROUNDDOWN((MOD(N56,1300))/130,0) -> 1 | O58: =O56-(O56-MOD(O56,10)) -> 3 | P58: 0 | Q58: =N58+O58+P58 -> 4
A60: Next Week Projection | G60: Next Week Projection | M60: Next Week Projection
A61: MD Lunacy | B61: =B56+750 -> 42017 | C61: =C55+7 -> 46268.182 | G61: MD Lunacy | H61: =H56+750 -> 49401 | I61: =I55+7 -> 46359.182 | M61: MD Lunacy | N61: =N56+750 -> 56785 | O61: =O55+7 -> 46450.182
A62: - 7 Daily Convert | B62: =B61-(7*26) -> 41835 | C62: =$D$2 -> 23 | D62: =$E$2 -> 0 | E62: =E63+E64 -> 344 | G62: - 7 Daily Convert | H62: =H61-(7*26) -> 49219 | I62: =$D$2 -> 23 | J62: =$E$2 -> 0 | K62: =K63+K64 -> 401 | M62: - 7 Daily Convert | N62: =N61-(7*26) -> 56603 | O62: =$D$2 -> 23 | P62: =$E$2 -> 0 | Q62: =Q63+Q64 -> 458
A63: 10 Rolls | B63: =(B62-MOD(B62,1300))/130 -> 320 | C63: =(C62-MOD(C62,10)) -> 20 | D63: =D62*10 -> 0 | E63: =B63+C63+D63 -> 340 | G63: 10 Rolls | H63: =(H62-MOD(H62,1300))/130 -> 370 | I63: =(I62-MOD(I62,10)) -> 20 | J63: =J62*10 -> 0 | K63: =H63+I63+J63 -> 390 | M63: 10 Rolls | N63: =(N62-MOD(N62,1300))/130 -> 430 | O63: =(O62-MOD(O62,10)) -> 20 | P63: =P62*10 -> 0 | Q63: =N63+O63+P63 -> 450
A64: 1 Roll After | B64: =ROUNDDOWN((MOD(B62,1300))/130,0) -> 1 | C64: =C62-(C62-MOD(C62,10)) -> 3 | D64: 0 | E64: =B64+C64+D64 -> 4 | G64: 1 Roll After | H64: =ROUNDDOWN((MOD(H62,1300))/130,0) -> 8 | I64: =I62-(I62-MOD(I62,10)) -> 3 | J64: 0 | K64: =H64+I64+J64 -> 11 | M64: 1 Roll After | N64: =ROUNDDOWN((MOD(N62,1300))/130,0) -> 5 | O64: =O62-(O62-MOD(O62,10)) -> 3 | P64: 0 | Q64: =N64+O64+P64 -> 8
A66: Next Week Projection | G66: Next Week Projection | M66: Next Week Projection
A67: MD Lunacy | B67: =B62+750 -> 42585 | C67: =C61+7 -> 46275.182 | G67: MD Lunacy | H67: =H62+750 -> 49969 | I67: =I61+7 -> 46366.182 | M67: MD Lunacy | N67: =N62+750 -> 57353 | O67: =O61+7 -> 46457.182
A68: - 7 Daily Convert | B68: =B67-(7*26) -> 42403 | C68: =$D$2 -> 23 | D68: =$E$2 -> 0 | E68: =E69+E70 -> 349 | G68: - 7 Daily Convert | H68: =H67-(7*26) -> 49787 | I68: =$D$2 -> 23 | J68: =$E$2 -> 0 | K68: =K69+K70 -> 405 | M68: - 7 Daily Convert | N68: =N67-(7*26) -> 57171 | O68: =$D$2 -> 23 | P68: =$E$2 -> 0 | Q68: =Q69+Q70 -> 462
A69: 10 Rolls | B69: =(B68-MOD(B68,1300))/130 -> 320 | C69: =(C68-MOD(C68,10)) -> 20 | D69: =D68*10 -> 0 | E69: =B69+C69+D69 -> 340 | G69: 10 Rolls | H69: =(H68-MOD(H68,1300))/130 -> 380 | I69: =(I68-MOD(I68,10)) -> 20 | J69: =J68*10 -> 0 | K69: =H69+I69+J69 -> 400 | M69: 10 Rolls | N69: =(N68-MOD(N68,1300))/130 -> 430 | O69: =(O68-MOD(O68,10)) -> 20 | P69: =P68*10 -> 0 | Q69: =N69+O69+P69 -> 450
A70: 1 Roll After | B70: =ROUNDDOWN((MOD(B68,1300))/130,0) -> 6 | C70: =C68-(C68-MOD(C68,10)) -> 3 | D70: 0 | E70: =B70+C70+D70 -> 9 | G70: 1 Roll After | H70: =ROUNDDOWN((MOD(H68,1300))/130,0) -> 2 | I70: =I68-(I68-MOD(I68,10)) -> 3 | J70: 0 | K70: =H70+I70+J70 -> 5 | M70: 1 Roll After | N70: =ROUNDDOWN((MOD(N68,1300))/130,0) -> 9 | O70: =O68-(O68-MOD(O68,10)) -> 3 | P70: 0 | Q70: =N70+O70+P70 -> 12
A72: Next Week Projection | G72: Next Week Projection | M72: Next Week Projection
A73: MD Lunacy | B73: =B68+750 -> 43153 | C73: =C67+7 -> 46282.182 | G73: MD Lunacy | H73: =H68+750 -> 50537 | I73: =I67+7 -> 46373.182 | M73: MD Lunacy | N73: =N68+750 -> 57921 | O73: =O67+7 -> 46464.182
A74: - 7 Daily Convert | B74: =B73-(7*26) -> 42971 | C74: =$D$2 -> 23 | D74: =$E$2 -> 0 | E74: =E75+E76 -> 353 | G74: - 7 Daily Convert | H74: =H73-(7*26) -> 50355 | I74: =$D$2 -> 23 | J74: =$E$2 -> 0 | K74: =K75+K76 -> 410 | M74: - 7 Daily Convert | N74: =N73-(7*26) -> 57739 | O74: =$D$2 -> 23 | P74: =$E$2 -> 0 | Q74: =Q75+Q76 -> 467
A75: 10 Rolls | B75: =(B74-MOD(B74,1300))/130 -> 330 | C75: =(C74-MOD(C74,10)) -> 20 | D75: =D74*10 -> 0 | E75: =B75+C75+D75 -> 350 | G75: 10 Rolls | H75: =(H74-MOD(H74,1300))/130 -> 380 | I75: =(I74-MOD(I74,10)) -> 20 | J75: =J74*10 -> 0 | K75: =H75+I75+J75 -> 400 | M75: 10 Rolls | N75: =(N74-MOD(N74,1300))/130 -> 440 | O75: =(O74-MOD(O74,10)) -> 20 | P75: =P74*10 -> 0 | Q75: =N75+O75+P75 -> 460
A76: 1 Roll After | B76: =ROUNDDOWN((MOD(B74,1300))/130,0) -> 0 | C76: =C74-(C74-MOD(C74,10)) -> 3 | D76: 0 | E76: =B76+C76+D76 -> 3 | G76: 1 Roll After | H76: =ROUNDDOWN((MOD(H74,1300))/130,0) -> 7 | I76: =I74-(I74-MOD(I74,10)) -> 3 | J76: 0 | K76: =H76+I76+J76 -> 10 | M76: 1 Roll After | N76: =ROUNDDOWN((MOD(N74,1300))/130,0) -> 4 | O76: =O74-(O74-MOD(O74,10)) -> 3 | P76: 0 | Q76: =N76+O76+P76 -> 7
A78: Next Week Projection | G78: Next Week Projection | M78: Next Week Projection
A79: MD Lunacy | B79: =B74+750 -> 43721 | C79: =C73+7 -> 46289.182 | G79: MD Lunacy | H79: =H74+750 -> 51105 | I79: =I73+7 -> 46380.182 | M79: MD Lunacy | N79: =N74+750 -> 58489 | O79: =O73+7 -> 46471.182
A80: - 7 Daily Convert | B80: =B79-(7*26) -> 43539 | C80: =$D$2 -> 23 | D80: =$E$2 -> 0 | E80: =E81+E82 -> 357 | G80: - 7 Daily Convert | H80: =H79-(7*26) -> 50923 | I80: =$D$2 -> 23 | J80: =$E$2 -> 0 | K80: =K81+K82 -> 414 | M80: - 7 Daily Convert | N80: =N79-(7*26) -> 58307 | O80: =$D$2 -> 23 | P80: =$E$2 -> 0 | Q80: =Q81+Q82 -> 471
A81: 10 Rolls | B81: =(B80-MOD(B80,1300))/130 -> 330 | C81: =(C80-MOD(C80,10)) -> 20 | D81: =D80*10 -> 0 | E81: =B81+C81+D81 -> 350 | G81: 10 Rolls | H81: =(H80-MOD(H80,1300))/130 -> 390 | I81: =(I80-MOD(I80,10)) -> 20 | J81: =J80*10 -> 0 | K81: =H81+I81+J81 -> 410 | M81: 10 Rolls | N81: =(N80-MOD(N80,1300))/130 -> 440 | O81: =(O80-MOD(O80,10)) -> 20 | P81: =P80*10 -> 0 | Q81: =N81+O81+P81 -> 460
A82: 1 Roll After | B82: =ROUNDDOWN((MOD(B80,1300))/130,0) -> 4 | C82: =C80-(C80-MOD(C80,10)) -> 3 | D82: 0 | E82: =B82+C82+D82 -> 7 | G82: 1 Roll After | H82: =ROUNDDOWN((MOD(H80,1300))/130,0) -> 1 | I82: =I80-(I80-MOD(I80,10)) -> 3 | J82: 0 | K82: =H82+I82+J82 -> 4 | M82: 1 Roll After | N82: =ROUNDDOWN((MOD(N80,1300))/130,0) -> 8 | O82: =O80-(O80-MOD(O80,10)) -> 3 | P82: 0 | Q82: =N82+O82+P82 -> 11

Sheet Inventory
A1: 15 | B1: 5 | C1: 5 | D1: 15 | E1: 10 | F1: 25 | G1: 20 | H1: Yi Sang | I1: EGO | J1: YS | L1: =I8+(DataSheet!J38*3)+DataSheet!J35 -> 4251 | M1: =VLOOKUP(M9, IDLevelRange, 3, FALSE) -> 251629
A2: 80 | B2: 20 | C2: 80 | D2: 10 | E2: 10 | F2: 6 | G2: 20 | H2: 1Star | I2: 1 | J2: Thumb | L2: =L1+(DataSheet!J38*3)+DataSheet!J35 -> 4491 | M2: =VLOOKUP(M10, IDLevelRange, 3, FALSE) -> 251629
A3: {=A2:G2-A9:G9} -> 0 | B3: 0 | C3: 0 | D3: 0 | E3: 0 | F3: 0 | G3: 0 | H3: 6 | I3: 2 | J3: Thurs | L3: =L2+(DataSheet!J38*3)+DataSheet!J35 -> 4731 | M3: =M2-M1-N9 -> 0
A4: =SWITCH(A15, "EGO", 1000, "000 ID", 1000, "00 ID", 500) -> 1000 | B4: 500 | C4: 250 | D4: 750 | E4: 200 | F4: 600 | H4: Sinner Full Name Conditional Formatting | I4: Sharding Type Conditional Formatting | J4: Sinner Acronym Conditional Formatting | L4: =L3+(DataSheet!J38*3)+DataSheet!J35 -> 4971 | M4: =MOD(M3, N4) -> 0 | N4: {=VLOOKUP(L11:L14, TicketData, 3, FALSE)} -> 3000
A5: {=SEQUENCE(1, 6, 1, 0)} -> 1 | B5: 1 | C5: 1 | D5: 1 | E5: 1 | F5: 1 | H5: Sharding Type Conditional Formatting | I5: Sinner Canto Level Conditional Formatting | J5: Finger IDs Conditional Formatting | L5: =L4+(DataSheet!J38*3)+DataSheet!J35 -> 5211 | M5: =MOD(M4, N5) -> 0 | N5: 1000
A6: {=A5:F5-A11:F11} -> 0 | B6: 0 | C6: 1 | D6: 0 | E6: 0 | F6: 1 | H6: Day (Num) of week Conditional Formatting | I6: Weekly Pass Conditional Formatting | J6: Day of week Conditional Formatting | L6: =L5+(DataSheet!J38*3)+DataSheet!J35 -> 5451 | M6: =MOD(M5, N6) -> 0 | N6: 200
L7: =L6+(DataSheet!J38*3)+DataSheet!J35 -> 5691 | M7: =MOD(M6, N7) -> 0 | N7: 50
A8: IV Ticket | B8: III Ticket | C8: Threads | D8: Crates | E8: Random Crates | F8: Enkephalin Box | G8: Extraction Ticket | H8: Current XP | I8: 4011 | J8: Manager Level | K8: Next Level Enkephalin | L8: ID to Level Up | M8: [Blade Lineage Mentor] Meursault
A9: 80 | B9: 20 | C9: 80 | D9: 10 | E9: 10 | F9: 6 | G9: 20 | H9: Next Level XP | I9: =VLOOKUP(J9, ManagerXPData, 2) -> 4316 | J9: 83 | K9: =IF(VLOOKUP(J9+1, ManagerXPData, 4) = 0, "0", "+1") -> 0 | L9: ID Experience | M9: =VLOOKUP(M8, SinnerIDData, 2, false) -> 60 | N9: =VLOOKUP(M8, SinnerIDData, 3, false) -> 0 | P9: Next Nominable | Q9: Event Unit | R9: Extractible Unit
A10: ID/EGO Reward | B10: Announcer | C10: Banner | D10: Banner Effect | E10: Ticket | F10: Ticket Effect | H10: {=MAP(SEQUENCE(7,1), LAMBDA(x, "After " & x & " Daily"))} -> After 1 Daily | I10: {=L1:L7} -> 4251 | J10: {=MAP(I10:I16, LAMBDA(val, "After 1 MD: " & (val + 100)))} -> After 1 MD: 4351 | L10: ID Level Target | M10: 60 | N10: Ticket Left After | P10: S1 | R10: N Corp MS
A11: TRUE | B11: TRUE | C11: FALSE | D11: TRUE | E11: TRUE | F11: FALSE | H11: After 2 Daily | I11: 4491 | J11: After 1 MD: 4591 | L11: Ticket IV | M11: {=(M3:M6-M4:M7)/VLOOKUP(L11:L14, TicketData, 3, FALSE)} -> 0 | N11: {=VLOOKUP(L11:L14, TicketData, 2, FALSE)-M11:M14} -> 287 | O11: 56 | P11: S2 | Q11: Molar OT | R11: Spicebush YS | S11: Sunshower HC | T11: RSP RD
A12: Event Currency Required | B12: {=SUM(MAP(A1:G1, A3:G3, LAMBDA(x, y, x*y)), MAP(A4:F4, A6:F6, LAMBDA(a, b, a*b)))} -> 850 | C12: Event Currency Needed | D12: =B12-(C6*C4)-(E6*E4) -> 600 | E12: Current Currency | F12: 192 | H12: After 3 Daily | I12: 4731 | J12: After 1 MD: 4831 | L12: Ticket III | M12: 0 | N12: 298 | O12: 67 | P12: S3 | R12: Pequod IS | S12: Pequod HC | T12: Pirate GG
B13: =B12-F12 -> 658 | D13: =D12-F12 -> 408 | E13: Extractible EGO | H13: After 4 Daily | I13: 4971 | J13: After 1 MD: 5071 | L13: Ticket II | M13: 0 | N13: 286 | O13: 55 | P13: S4 | Q13: MC FT | R13: WH GG | S13: WH RS
A14: Reward Type | E14: Extractible ID | H14: After 5 Daily | I14: 5211 | J14: After 1 MD: 5311 | K14: Tue | L14: Ticket I | M14: 0 | N14: 52 | O14: 10 | P14: S5 | Q14: KK IS | R14: Mancha GG | S14: Firefist GG | T14: Mancha OT
A15: 000 ID | E15: Need-to-Shard EGO | H15: After 6 Daily | I15: 5451 | J15: After 1 MD: 5551 | K15: Gacha Pull Result | M15: Mirror Dungeon Schedules | Q15: KK HC
E16: Need-to-Shard ID | H16: After 7 Daily | I16: 5691 | J16: After 1 MD: 5791 | K16: Yi Sang | L16: 1Star | M16: Rental | N16: TRUE | P16: SF | Q16: Liu YS | R16: Cinq DQ | S16: Zwei IS | T16: R MS
A17: Sinner: | B17: Yi Sang | C17: This Week Projection | D17: =LET(formula, (F19+H18+(0.4*I18)+(H20*7.5)+(I20*8)+(J20*9.5)+(SUMPRODUCT(H22:J22)*3)), D19 + (formula-ROUNDDOWN(F19,0))*3) -> 2496 | H17: Daily left | I17: Weekly left | J17: Normal left total | K17: Week til Season end | L17: Uptying Sinner | M17: Poise Rupture | N17: FALSE | Q17: R HC | R17: R IS | S17: W OT | T17: W RS
A18: Shard Type | B18: EGO/3 Star | C18: Crate Required | D18: =SUM(B29:M29) -> 1811.5 | E18: Pass Level Requirement | F18: =ROUNDUP(D20/3,0) -> 0 | H18: 1 | I18: 0 | J18: 20 | K18: 7 | L18: Ishmael | M18: Tremor | N18: FALSE | P18: Walp | Q18: FS HC | R18: MB OT | S18: RE&P RS | T18: Regret FT
A19: Shard Needed | B19: =VLOOKUP(B18, ShardNumber, 2, FALSE) -> 400 | C19: Crate Posessed | D19: =DataSheet!J13 -> 2493 | E19: Current Pass Level | F19: =DataSheet!J14 -> 1201 | H19: {=SEQUENCE(1, 3) & " Hard Left"} -> 1 Hard Left | I19: 2 Hard Left | J19: 3 Hard Left | K19: =(K18*3)+ROUNDDOWN(K18/2,0) -> 24 | L19: =J18-K19 -> -4 | M19: Sinking | N19: FALSE
A20: Shard Possesed | B20: =VLOOKUP(B17, SinnerShard, 2, FALSE) -> 5 | C20: Crate to Grind | D20: =MAX(0, D18-D19) -> 0 | E20: Pass Level goal | F20: =F19+F18 -> 1201 | H20: FALSE | I20: FALSE | J20: FALSE | K20: FALSE | M20: Burn | N20: FALSE
A21: Crate to Open | B21: =B22/2 -> 197.5 | C21: Crate final Projection | D21: =ROUNDDOWN(F22-F19,0)*3+D19 -> 3390 | E21: Pass level will gain | F21: =(34*K18)+(H18)+(0.4*I18)+((H20*7.5)+(I20*8)+(J20*9.5))+(J18*3) -> 299 | H21: Poise Rupture | I21: Sinking | J21: Bleed | K21: Rental | M21: Bleed | N21: FALSE
A22: Shard Required | B22: =B19-B20 -> 395 | C22: 000 Current Capable | D22: =ROUNDDOWN(D19*2/400,0) -> 12 | E22: Pass level final | F22: =F19+F21 -> 1500 | H22: FALSE | I22: FALSE | J22: FALSE | K22: 1 | M22: Charge | N22: FALSE
C23: 000 SS End Capable | D23: =ROUNDDOWN(D21*2/400,0) -> 16 | E23: This Week Projection | F23: {=LET(formula, (F19+H18+(0.4*I18)+(H20*7.5)+(I20*8)+(J20*9.5)+(SUMPRODUCT(H22:J22)*3)), TEXT(formula, "0") & " / " & TEXT(formula + K20*3, "0"))} -> 1202 / 1202 | H23: Tremor | I23: Burn | J23: Charge | M23: Hard | N23: Normal
B24: FALSE | C24: TRUE | D24: FALSE | E24: TRUE | F24: TRUE | G24: TRUE | H24: TRUE | I24: TRUE | J24: TRUE | K24: TRUE | L24: TRUE | M24: TRUE
A25: Sinner | B25: Yi Sang | C25: Faust | D25: Don Quixote | E25: Ryoshu | F25: Meursault | G25: Hong Lu | H25: Heathcliff | I25: Ishmael | J25: Rodion | K25: Sinclair | L25: Outis | M25: Gregor
A26: Shard Type | B26: EGO/3 Star | C26: 2 3 Star + UT4 | D26: EGO/3 Star | E26: 3 Star UT | F26: EGO/3 Star | G26: EGO/3 Star | H26: 3 Star UT | I26: EGO/3 Star | J26: 2 3 Star | K26: 3 Star UT | L26: 3 Star UT | M26: EGO/3 Star
A27: {={"Shard Needed", MAP(B26:M26, LAMBDA(x, VLOOKUP(x, ShardNumber, 2, FALSE)))}} -> Shard Needed | B27: 400 | C27: 900 | D27: 400 | E27: 450 | F27: 400 | G27: 400 | H27: 450 | I27: 400 | J27: 800 | K27: 450 | L27: 450 | M27: 400 | N27: =IFERROR(__xludf.DUMMYFUNCTION("BYROW(B27:M27, LAMBDA(row, SPARKLINE(row, {""charttype"", ""column""})))"),"")
A28: {={"Shard Posessed", MAP(B25:M25, LAMBDA(x, VLOOKUP(x, SinnerShard, 2, FALSE)))}} -> Shard Posessed | B28: 5 | C28: 68 | D28: 20 | E28: 113 | F28: 16 | G28: 215 | H28: 57 | I28: 299 | J28: 416 | K28: 61 | L28: 135 | M28: 97 | N28: =IFERROR(__xludf.DUMMYFUNCTION("BYROW(B28:M28, LAMBDA(row, SPARKLINE(row, {""charttype"", ""column""})))"),"")
A29: {={"Crate Needed", LET(formula, (((B27:M27-B28:M28)/2)*B24:M24), IF(formula < 0, 0, formula))}} -> Crate Needed | B29: 0 | C29: 416 | D29: 0 | E29: 168.5 | F29: 192 | G29: 92.5 | H29: 196.5 | I29: 50.5 | J29: 192 | K29: 194.5 | L29: 157.5 | M29: 151.5 | N29: =IFERROR(__xludf.DUMMYFUNCTION("BYROW(B29:M29, LAMBDA(row, SPARKLINE(row, {""charttype"", ""column""})))"),"")
A30: ID/EGO to Shard | B30: Walp SS7 | C30: Index Proselyte+UT | D30: Walp SS7 | E30: Araya+UT | F30: Shadow-Vested | G30: Dim Shred | H30: Thumb Apprentice+UT | I30: Kurokumo | J30: Into the Sunset | K30: Pinky App+UT | L30: Middle Father+UT | M30: Firefist?
C31: Ring Apprentice+UT | J31: Thumb Mother | M31: Priest | N31: UT/TS Threads
A32: {={"Thread Needed", MAP(B26:M26, LAMBDA(x, VLOOKUP(x, ShardNumber, 3, FALSE)))}} -> Thread Needed | B32: 0 | C32: 500 | D32: 0 | E32: 250 | F32: 0 | G32: 0 | H32: 250 | I32: 0 | J32: 0 | K32: 250 | L32: 250 | M32: 0 | N32: =SUM(B32:M32) -> 1500
A33: Confirmed | B33: Index Father P Bu S | C33: Index Proselyte P S | D33: Index Proxy P S | E33: FA&S S T | F33: Hornet Bu Bl | G33: Ring Father C Bl | H33: Middle-Ricardo Bu Bl T | I33: Middle App Bu Bl | J33: Ring Docent Bl S | K33: Pinky App P Bl | L33: LCA Udjat S T | M33: Hoen Lamp Bu S | N33: Days Needed
A34: Assumed | C34: Ring App C Bl | E34: Araya Bu P Bl | F34: Ring Student Bl S | G34: S Corp P Bl | H34: Thumb App Bu T | I34: LCD Osir P Bl | J34: Thumb Mother P Bu T | K34: Wayfarer? C T | L34: Middle Father Bu Bl | M34: Hoen AEDD C R | N34: =MAX(0, ROUNDUP((N32-DataSheet!J15)/DataSheet!J28,0)) -> 0
A35: Guessed? | C35: Ardor-Blossom EGO Bu | F35: Shadow-Vested EGO P Bl | J35: Into the Sunset EGO Bu Bl | K35: Harmony EGO Bu Bl | N35: {="Burn: " & COUNTIF(B33:M35, "* Bu*")} -> Burn: 12 | O35: This Season (Assumed)
B36: 1Star | C36: 1Star | D36: 1Star | E36: 1Star | F36: 1Star | G36: 1Star | H36: 1Star | I36: 1Star | J36: 1Star | K36: 1Star | L36: 2Star | M36: 1Star | N36: {="Bleed: " & COUNTIF(B33:M35, "* Bl*")} -> Bleed: 15
N37: {="Tremor: " & COUNTIF(B33:M35, "* T*")} -> Tremor: 7
N38: {="Rupture: " & COUNTIF(B33:M35, "* R*")} -> Rupture: 1
N39: {="Sinking: " & COUNTIF(B33:M35, "* S*")} -> Sinking: 9
A40: Backlog Shard | B40: Fell-Bullet EGO P Bl | F40: Capote Bu T | H40: Kurokumo Bl | I40: Kurokumo Bl | K40: Hex Nail? Bl | L40: Barber Bl R | M40: Firefist Bu | N40: {="Poise: " & COUNTIF(B33:M35, "* P*")} -> Poise: 9
M41: Priest Bl R | N41: {="Charge: " & COUNTIF(B33:M35, "* C*")} -> Charge: 5
N42: {="Burn: " & COUNTIF(B40:M49, "* Bu*")} -> Burn: 5 | O42: Worth Sharding
A43: IDs | B43: Spicebush? T S R | C43: MultiCrack? C | D43: Cinq East? Bu R | E43: W Corp? C R | F43: Dieci? S | H43: Full-Stop? P | I43: Zwei? T | L43: Magic Bullet? Bu | M43: Edgar Heir? S | N43: {="Bleed: " & COUNTIF(B40:M49, "* Bl*")} -> Bleed: 8
B44: Liu? Bu | C44: Regret? T | E44: Nelly? P | H44: Oufi? T | N44: {="Tremor: " & COUNTIF(B40:M49, "* T*")} -> Tremor: 6
N45: {="Rupture: " & COUNTIF(B40:M49, "* R*")} -> Rupture: 8
N46: {="Sinking: " & COUNTIF(B40:M49, "* S*")} -> Sinking: 5
A47: EGOs | C47: Hex Nail? Bl | D47: Magical Girl? C R S | E47: Red Eyes? | I47: Bygone Days? S | J47: Pursuance? T | K47: Lantern? R | L47: Ebony-Stem? Bl R | N47: {="Poise: " & COUNTIF(B40:M49, "* P*")} -> Poise: 3
N48: {="Charge: " & COUNTIF(B40:M49, "* C*")} -> Charge: 3
A50: Leveling IDs | C50: N Corp Fanatic 5 | D50: T Corp 5 | F50: Hornet 10 | G50: Yurodivy 5 | H50: Middle 1 | K50: N Corp Fanatic 15 | L50: T Corp 5
F51: Middle 1
C53: Ring [26] | E53: Araya [1] | H53: Thumb [26] | J53: Thumb [26] | K53: Pinky [26] | L53: Middle [1]
A54: Level 1s | B54: Fell Bullet 59 | D54: Queen of Hatred 59 | G54: R Corp 59 | H54: MultiCrack 50 | I54: Molar 59 | K54: Philip 52 | L54: Udjat 50
H55: W 59
C57: Index [59]
A58: UT/TS4 List | C58: Fluid Sac | F58: Crushbound Past | J58: Rimeshank | L58: LCA Udjat | M58: Unbrilliant Glory
C59: Everlasting

Sheet DataSheet
A1: =IFERROR(__xludf.DUMMYFUNCTION("IMPORTRANGE(""https://docs.google.com/spreadsheets/d/1dd1acJ31L_d8P07yRYqTDtptU4oCbycYLGhD8VBmbrI/edit?pli=1&gid=1870766492#gid=1870766492"", ""Sheet1!A1:B61"")"),"Level") -> Level | B1: =IFERROR(__xludf.DUMMYFUNCTION("""COMPUTED_VALUE"""),"Exp") -> Exp | C1: Total XP | D1: Manager Level | E1: Manager Level XP | F1: Max Enkephalin | G1: Max Increase | H1: YS | I1: Yi Sang | J1: 5 | K1: 00 SUM | L1: EGO/3 Star | M1: 400 | N1: 0 | O1: {={TOROW(MAKEARRAY(3, 5, LAMBDA(r, c, INDEX({"00"; "000"; "EGO"}, r) & " T" & (c - 1))), 0, FALSE), "EGO T5" ; BYCOL(O3:AD1000, LAMBDA(col, IF(COUNTA(col)=0, 0, COUNTA(col) - COUNTIF(col, " ??"))))}} -> 00 T0 | P1: 00 T1 | Q1: 00 T2 | R1: 00 T3 | S1: 00 T4 | T1: 000 T0 | U1: 000 T1 | V1: 000 T2 | W1: 000 T3 | X1: 000 T4 | Y1: EGO T0 | Z1: EGO T1 | AA1: EGO T2 | AB1: EGO T3 | AC1: EGO T4 | AD1: EGO T5 | AE1: Difference Between Manager Level
A2: =IFERROR(__xludf.DUMMYFUNCTION("""COMPUTED_VALUE"""),1.0) -> 1 | B2: =IFERROR(__xludf.DUMMYFUNCTION("""COMPUTED_VALUE"""),0.0) -> 0 | C2: =B2 -> 0 | D2: {=SEQUENCE(400,1)} -> 1 | E2: 15 | F2: 60 | G2: 0 | H2: FT | I2: Faust | J2: 68 | K2: =SUM(O2:S2) -> 51 | L2: 2 3 Star + UT4 | M2: 900 | N2: =N10*2 -> 500 | O2: 4 | P2: 8 | Q2: 1 | R2: 36 | S2: 2 | T2: 49 | U2: 2 | V2: 0 | W2: 19 | X2: 48 | Y2: 55 | Z2: 0 | AA2: 0 | AB2: 46 | AC2: 8 | AD2: 0
A3: =IFERROR(__xludf.DUMMYFUNCTION("""COMPUTED_VALUE"""),2.0) -> 2 | B3: =IFERROR(__xludf.DUMMYFUNCTION("""COMPUTED_VALUE"""),10.0) -> 10 | C3: =B3+C2 -> 10 | D3: 2 | E3: 30 | F3: =F2+G3 -> 63 | G3: {=SEQUENCE(6, 1, 3, 0)} -> 3 | H3: DQ | I3: Don Quixote | J3: 20 | K3: 000 SUM | L3: 2 Star | M3: 150 | N3: 0 | O3: Molar YS | P3: Dieci YS | Q3: YS | R3: Pequod YS | S3: YS | T3: TLA YS | U3: YS | V3: YS | W3: N Fell Bullet YS | X3: Solemn Lament YS | Y3: 4th Match Flame YS | Z3: YS | AA3: YS | AB3: Dimension Shredder YS | AC3: YS | AD3: YS | AE3: 15
A4: =IFERROR(__xludf.DUMMYFUNCTION("""COMPUTED_VALUE"""),3.0) -> 3 | B4: =IFERROR(__xludf.DUMMYFUNCTION("""COMPUTED_VALUE"""),12.0) -> 12 | C4: =B4+C3 -> 22 | D4: 3 | E4: 35 | F4: =F3+G4 -> 66 | G4: 3 | H4: RS | I4: Ryoshu | J4: 113 | K4: =SUM(T2:X2) -> 118 | L4: 000 UT4 | M4: 50 | N4: 150 | R4: LCE YS | T4: Liu YS | W4: BL YS | X4: Heishou YS | Y4: Bygone Days YS | AB4: Crow's Eye View YS | AE4: 5
A5: =IFERROR(__xludf.DUMMYFUNCTION("""COMPUTED_VALUE"""),4.0) -> 4 | B5: =IFERROR(__xludf.DUMMYFUNCTION("""COMPUTED_VALUE"""),15.0) -> 15 | C5: =B5+C4 -> 37 | D5: 4 | E5: 40 | F5: =F4+G5 -> 69 | G5: 3 | H5: MS | I5: Meursault | J5: 16 | K5: {="ID SUM: "& TEXT(K2+K4+12, "???")} -> ID SUM: 181 | L5: ZAYIN | M5: 80 | N5: 110 | O5: FT | P5: Zwei FT | Q5: FT | R5: 7 YS | S5: FT | U5: FT | V5: FT | X5: Index YS | Y5: Fell Bullet YS | Z5: FT | AA5: FT | AB5: Great Trichiliocosm YS | AC5: Command: Meltdown FT | AD5: FT | AE5: 5
A6: =IFERROR(__xludf.DUMMYFUNCTION("""COMPUTED_VALUE"""),5.0) -> 5 | B6: =IFERROR(__xludf.DUMMYFUNCTION("""COMPUTED_VALUE"""),20.0) -> 20 | C6: =B6+C5 -> 57 | D6: 5 | E6: 47 | F6: =F5+G6 -> 72 | G6: 3 | H6: HL | I6: Hong Lu | J6: 215 | K6: =SUM(O2:X2) -> 169 | L6: TETH | M6: 90 | N6: 130 | T6: Regret FT | W6: FT | X6: Ring YS | AB6: Wishing Cairn YS | AE6: 7
A7: =IFERROR(__xludf.DUMMYFUNCTION("""COMPUTED_VALUE"""),6.0) -> 6 | B7: =IFERROR(__xludf.DUMMYFUNCTION("""COMPUTED_VALUE"""),27.0) -> 27 | C7: =B7+C6 -> 84 | D7: 6 | E7: 58 | F7: =F6+G7 -> 75 | G7: 3 | H7: HC | I7: Heathcliff | J7: 57 | K7: EGO SUM | L7: HE | M7: 100 | N7: 150 | O7: DQ | P7: Shi DQ | Q7: DQ | R7: Yuri FT | S7: DQ | T7: Index FT | U7: DQ | V7: DQ | X7: W YS | Y7: Hex Nail FT | Z7: DQ | AA7: DQ | AB7: Sunshower YS | AC7: Yearning-Mircalla DQ | AD7: DQ | AE7: {=(ROUNDUP(SEQUENCE(6,1)/3,0)*2)+9} -> 11
A8: =IFERROR(__xludf.DUMMYFUNCTION("""COMPUTED_VALUE"""),7.0) -> 7 | B8: =IFERROR(__xludf.DUMMYFUNCTION("""COMPUTED_VALUE"""),40.0) -> 40 | C8: =B8+C7 -> 124 | D8: 7 | E8: 69 | F8: =F7+G8 -> 78 | G8: 3 | H8: IS | I8: Ishmael | J8: 299 | K8: =SUM(Y2:AC2) -> 109 | L8: WAW | M8: 150 | N8: 170 | R8: WH FT | T8: Ring FT | W8: Queen of Hatred DQ | Y8: Lasso FT | AE8: 11
A9: =IFERROR(__xludf.DUMMYFUNCTION("""COMPUTED_VALUE"""),8.0) -> 8 | B9: =IFERROR(__xludf.DUMMYFUNCTION("""COMPUTED_VALUE"""),59.0) -> 59 | C9: =B9+C8 -> 183 | D9: 8 | E9: 80 | F9: =F8+G9 -> 80 | G9: {=SEQUENCE(13, 1, 2, 0)} -> 2 | H9: RD | I9: Rodion | J9: 416 | K9: 00 Acquired | L9: None | M9: 0 | N9: 0 | O9: RS | P9: RS | Q9: RS | R9: W FT | S9: RS | T9: MC FT | U9: Chef RS | V9: RS | W9: T DQ | X9: N Fanatic FT | Y9: 9:2 FT | Z9: RS | AA9: RS | AB9: Representation Emitter FT | AC9: Forest for the Flame RS | AD9: RS | AE9: 11
A10: =IFERROR(__xludf.DUMMYFUNCTION("""COMPUTED_VALUE"""),9.0) -> 9 | B10: =IFERROR(__xludf.DUMMYFUNCTION("""COMPUTED_VALUE"""),88.0) -> 88 | C10: =B10+C9 -> 271 | D10: 9 | E10: 93 | F10: =F9+G10 -> 82 | G10: 2 | H10: SC | I10: Sinclair | J10: 61 | K10: =SUM(P2:S2)/SUM(O2:S2) -> 0.92156863 | L10: 3 Star UT | M10: 450 | N10: =150+80+20 -> 250 | T10: Shi FT | U10: KK RS | X10: Heishou FT | AB10: Ardor Blossom Star FT | AE10: 13
A11: =IFERROR(__xludf.DUMMYFUNCTION("""COMPUTED_VALUE"""),10.0) -> 10 | B11: =IFERROR(__xludf.DUMMYFUNCTION("""COMPUTED_VALUE"""),125.0) -> 125 | C11: =B11+C10 -> 396 | D11: 10 | E11: 106 | F11: =F10+G11 -> 84 | G11: 2 | H11: OT | I11: Outis | J11: 135 | K11: 000 Acquired | L11: 00 UT4 | M11: 30 | N11: 100 | O11: MS | P11: RSP MS | Q11: MS | R11: N Fanatic DQ | S11: Middle MS | T11: 7 FT | V11: MS | W11: RS | Y11: Queen of Hatred DQ | Z11: MS | AA11: MS | AB11: Thoracalgia FT | AC11: Crushbound Past MS | AD11: MS | AE11: 13
A12: =IFERROR(__xludf.DUMMYFUNCTION("""COMPUTED_VALUE"""),11.0) -> 11 | B12: =IFERROR(__xludf.DUMMYFUNCTION("""COMPUTED_VALUE"""),168.0) -> 168 | C12: =B12+C11 -> 564 | D12: 11 | E12: 119 | F12: =F11+G12 -> 86 | G12: 2 | H12: GG | I12: Gregor | J12: 97 | K12: =SUM(U2:X2)/SUM(T2:X2) -> 0.58474576 | L12: 2 3 Star | M12: 800 | N12: 0 | P12: WH MS | R12: Lantern DQ | U12: MS | Y12: Electric Screaming DQ | AB12: Everlasting FT | AE12: 13
A13: =IFERROR(__xludf.DUMMYFUNCTION("""COMPUTED_VALUE"""),12.0) -> 12 | B13: =IFERROR(__xludf.DUMMYFUNCTION("""COMPUTED_VALUE"""),227.0) -> 227 | C13: =B13+C12 -> 791 | D13: 12 | E13: 136 | F13: =F12+G13 -> 88 | G13: 2 | I13: Crate | J13: 2493 | K13: ID Acquired | L13: {="2 Star UT" & SEQUENCE(3,1)} -> 2 Star UT1 | M13: =P2 -> 8 | O13: HL | Q13: HL | R13: BL DQ | S13: HL | T13: Cinq S DQ | V13: HL | W13: W MS | X13: LCE FT | Y13: Lifetime Stew DQ | Z13: HL | AA13: HL | AB13: Fluid Sac FT | AC13: Cavernous Wailing HL | AD13: HL | AE13: {=(ROUNDUP(SEQUENCE(6,1)/3,0)*2)+15} -> 17
A14: =IFERROR(__xludf.DUMMYFUNCTION("""COMPUTED_VALUE"""),13.0) -> 13 | B14: =IFERROR(__xludf.DUMMYFUNCTION("""COMPUTED_VALUE"""),298.0) -> 298 | C14: =B14+C13 -> 1089 | D14: 13 | E14: 153 | F14: =F13+G14 -> 90 | G14: 2 | I14: Pass | J14: 1201 | K14: =(SUM(P2:S2)+SUM(U2:X2))/SUM(O2:X2) -> 0.68639053 | L14: 2 Star UT2 | M14: =Q2 -> 1 | P14: HL | T14: Cinq E DQ | U14: HL | X14: BL FT | Y14: Fluid Sac DQ | AB14: Telepole FT | AC14: To Remain Oneself HL | AE14: 17
A15: =IFERROR(__xludf.DUMMYFUNCTION("""COMPUTED_VALUE"""),14.0) -> 14 | B15: =IFERROR(__xludf.DUMMYFUNCTION("""COMPUTED_VALUE"""),381.0) -> 381 | C15: =B15+C14 -> 1470 | D15: 14 | E15: 170 | F15: =F14+G15 -> 92 | G15: 2 | I15: Threads | J15: 3925 | K15: EGO Acquired | L15: 2 Star UT3 | M15: =R2 -> 36 | O15: HC | Q15: HC | R15: LCCB RS | S15: MC HC | T15: W DQ | V15: HC | W15: Tingtang HL | Y15: Telepole DQ | Z15: HC | AA15: HC | AC15: Tarnished Blood HL | AD15: HC | AE15: 17
A16: =IFERROR(__xludf.DUMMYFUNCTION("""COMPUTED_VALUE"""),15.0) -> 15 | B16: =IFERROR(__xludf.DUMMYFUNCTION("""COMPUTED_VALUE"""),482.0) -> 482 | C16: =B16+C15 -> 1952 | D16: 15 | E16: 189 | F16: =F15+G16 -> 94 | G16: 2 | K16: =SUM(Z2:AC2)/SUM(Y2:AC2) -> 0.49541284 | L16: {="3 Star UT" & SEQUENCE(3,1)} -> 3 Star UT1 | M16: =U2 -> 2 | P16: HC | R16: D20 RS | U16: HC | W16: S Corp HL | X16: Manager DQ | AB16: La Sangre de Sancho DQ | AE16: 19
A17: =IFERROR(__xludf.DUMMYFUNCTION("""COMPUTED_VALUE"""),16.0) -> 16 | B17: =IFERROR(__xludf.DUMMYFUNCTION("""COMPUTED_VALUE"""),591.0) -> 591 | C17: =B17+C16 -> 2543 | D17: 16 | E17: 208 | F17: =F16+G17 -> 96 | G17: 2 | H17: 00 | I17: Daily | J17: 1 | K17: 00 Leftover | L17: 3 Star UT2 | M17: =V2 -> 0 | O17: IS | Q17: TLA IS | R17: Liu RS | S17: IS | T17: RE&P RS | V17: IS | W17: FS HL | X17: Heishou DQ | Y17: Contempt, Awe RS | Z17: IS | AA17: IS | AB17: Wishing Cairn DQ | AC17: HC | AD17: IS | AE17: 19
A18: =IFERROR(__xludf.DUMMYFUNCTION("""COMPUTED_VALUE"""),17.0) -> 17 | B18: =IFERROR(__xludf.DUMMYFUNCTION("""COMPUTED_VALUE"""),728.0) -> 728 | C18: =B18+C17 -> 3271 | D18: 17 | E18: 227 | F18: =F17+G18 -> 98 | G18: 2 | H18: =K10 -> 0.92156863 | I18: Dailyx7 | J18: 7 | K18: =O2/SUM(O2:S2) -> 0.078431373 | L18: 3 Star UT3 | M18: =W2 -> 19 | P18: IS | R18: 7 RS | T18: Araya RS | U18: IS | W18: R HL | X18: Middle DQ | Y18: Red Eyes (Open) RS | AB18: Red Sheet DQ | AE18: 19
A19: =IFERROR(__xludf.DUMMYFUNCTION("""COMPUTED_VALUE"""),18.0) -> 18 | B19: =IFERROR(__xludf.DUMMYFUNCTION("""COMPUTED_VALUE"""),885.0) -> 885 | C19: =B19+C18 -> 4156 | D19: 18 | E19: 250 | F19: =F18+G19 -> 100 | G19: 2 | H19: 000 | I19: Weekly | J19: 2 | K19: 000 Leftover | O19: RD | Q19: RD | S19: RD | T19: WH RS | V19: RD | W19: K HL | X19: Index DQ | Y19: 4th Match Flame RS | Z19: RD | AA19: RD | AC19: IS | AD19: RD | AE19: {=(ROUNDUP(SEQUENCE(3,1)/3,0)*2)+21} -> 23
A20: =IFERROR(__xludf.DUMMYFUNCTION("""COMPUTED_VALUE"""),19.0) -> 19 | B20: =IFERROR(__xludf.DUMMYFUNCTION("""COMPUTED_VALUE"""),1064.0) -> 1064 | C20: =B20+C19 -> 5220 | D20: 19 | E20: 273 | F20: =F19+G20 -> 102 | G20: 2 | H20: =K12 -> 0.58474576 | I20: 3WeeklyHardTotal | J20: 25 | K20: =T2/SUM(T2:X2) -> 0.41525424 | L20: UT3 Lunacy | M20: =(SUM(M13:M17)-M15)*40 -> 440 | P20: N Fanatic RD | R20: Liu MS | T20: W RS | U20: RD | Y20: Blind Obsession RS | AB20: Great Trichiliocosm RS | AE20: 23
A21: =IFERROR(__xludf.DUMMYFUNCTION("""COMPUTED_VALUE"""),20.0) -> 20 | B21: =IFERROR(__xludf.DUMMYFUNCTION("""COMPUTED_VALUE"""),1261.0) -> 1261 | C21: =B21+C20 -> 6481 | D21: 20 | E21: 296 | F21: =F20+G21 -> 104 | G21: 2 | H21: ID | I21: 1stWeekly | J21: 7.5 | K21: ID Leftover | L21: 2 Star UT3 | M21: =(M13*10)+((M14+M13)*40) -> 440 | O21: Molar SC | P21: Zwei RD | Q21: SC | S21: SC | V21: SC | W21: HC | X21: N Contempt, Awe RS | Y21: Red Eyes RS | Z21: SC | AA21: SC | AB21: Thoracalgia RS | AC21: RD | AD21: SC | AE21: 23
A22: =IFERROR(__xludf.DUMMYFUNCTION("""COMPUTED_VALUE"""),21.0) -> 21 | B22: =IFERROR(__xludf.DUMMYFUNCTION("""COMPUTED_VALUE"""),1488.0) -> 1488 | C22: =B22+C21 -> 7969 | D22: 21 | E22: 326 | F22: =F21+G22 -> 105 | G22: {=SEQUENCE(21, 1, 1, 0)} -> 1 | H22: =K14 -> 0.68639053 | I22: 2ndWeekly | J22: 8 | K22: =(O2+T2)/SUM(O2:X2) -> 0.31360947 | L22: 3 Star UT3 | M22: =(M16*20)+((M17+M16)*80) -> 200 | R22: Fanghunt HL | T22: N Fanatic MS | U22: SC | X22: Heishou RS | Y22: Soda RS | AE22: {=(ROUNDUP(SEQUENCE(12,1)/3,0)*2)+28} -> 30
A23: =IFERROR(__xludf.DUMMYFUNCTION("""COMPUTED_VALUE"""),22.0) -> 22 | B23: =IFERROR(__xludf.DUMMYFUNCTION("""COMPUTED_VALUE"""),1739.0) -> 1739 | C23: =B23+C22 -> 9708 | D23: 22 | E23: 356 | F23: =F22+G23 -> 106 | G23: 1 | H23: EGO | I23: 3rdWeekly | J23: 9.5 | K23: EGO Leftover | L23: 2 Star UT4 | M23: =(SUM(M13:M15))*100 -> 4500 | O23: OT | P23: Zwei S SC | Q23: OT | R23: Hook HL | S23: OT | T23: Dieci MS | V23: OT | W23: Molar IS | Z23: OT | AA23: OT | AC23: SC | AD23: OT | AE23: 30
A24: =IFERROR(__xludf.DUMMYFUNCTION("""COMPUTED_VALUE"""),23.0) -> 23 | B24: =IFERROR(__xludf.DUMMYFUNCTION("""COMPUTED_VALUE"""),2016.0) -> 2016 | C24: =B24+C23 -> 11724 | D24: 23 | E24: 386 | F24: =F23+G24 -> 107 | G24: 1 | H24: =K16 -> 0.49541284 | I24: 3WeeklyOnce | J24: 22.5 | K24: =Y2/SUM(Y2:AC2) -> 0.50458716 | L24: 3 Star UT4 | M24: =(SUM(M16:M18))*150 -> 3150 | R24: KK HL | T24: R MS | U24: OT | W24: Liu IS | X24: Daiyu RS | Y24: Screwloose Wallop MS | AB24: Chains of Others MS | AE24: 30
A25: =IFERROR(__xludf.DUMMYFUNCTION("""COMPUTED_VALUE"""),24.0) -> 24 | B25: =IFERROR(__xludf.DUMMYFUNCTION("""COMPUTED_VALUE"""),2327.0) -> 2327 | C25: =B25+C24 -> 14051 | D25: 24 | E25: 418 | F25: =F24+G25 -> 108 | G25: 1 | I25: MostWeekly | J25: =J20+J19+J18 -> 34 | O25: Chef GG | P25: OT | Q25: GG | R25: Liu HL | S25: GG | V25: GG | X25: FA&S RS | Y25: Shadow-Vested Bladesinger MS | Z25: GG | AA25: GG | AB25: Regret MS | AC25: OT | AD25: GG | AE25: 32
A26: =IFERROR(__xludf.DUMMYFUNCTION("""COMPUTED_VALUE"""),25.0) -> 25 | B26: =IFERROR(__xludf.DUMMYFUNCTION("""COMPUTED_VALUE"""),2674.0) -> 2674 | C26: =B26+C25 -> 16725 | D26: 25 | E26: 450 | F26: =F25+G26 -> 109 | G26: 1 | L26: All UT3 Threads | M26: =M21+M22 -> 640 | O26: KK GG | R26: W HL | T26: Dieci HL | U26: GG | Y26: Yearning-Mircalla MS | AE26: 32
A27: =IFERROR(__xludf.DUMMYFUNCTION("""COMPUTED_VALUE"""),26.0) -> 26 | B27: =IFERROR(__xludf.DUMMYFUNCTION("""COMPUTED_VALUE"""),3047.0) -> 3047 | C27: =B27+C26 -> 19772 | D27: 26 | E27: 482 | F27: =F26+G27 -> 110 | G27: 1 | I27: Skip Thread 5 | J27: 18 | L27: All UT4 Threads | M27: =SUM(M21:M24) -> 8290 | P27: GG | W27: Dieci RD | X27: Thumb MS | Y27: Electric Screaming MS | AB27: Land of Illusion HL | AC27: Unbrilliant Glory GG | AE27: 32
A28: =IFERROR(__xludf.DUMMYFUNCTION("""COMPUTED_VALUE"""),27.0) -> 27 | B28: =IFERROR(__xludf.DUMMYFUNCTION("""COMPUTED_VALUE"""),3456.0) -> 3456 | C28: =B28+C27 -> 23228 | D28: 27 | E28: 516 | F28: =F27+G28 -> 111 | G28: 1 | I28: Daily Threads | J28: =J27*3 -> 54 | L28: Threads Needed | M28: =MAX(0, M27-J15) -> 4365 | R28: N Fanatic HC | T28: Pequod HC | W28: KK RD | X28: Hornet MS | Y28: Pursuance MS | AE28: 34
A29: =IFERROR(__xludf.DUMMYFUNCTION("""COMPUTED_VALUE"""),28.0) -> 28 | B29: =IFERROR(__xludf.DUMMYFUNCTION("""COMPUTED_VALUE"""),3899.0) -> 3899 | C29: =B29+C28 -> 27127 | D29: 28 | E29: 550 | F29: =F28+G29 -> 112 | G29: 1 | R29: Shi HC | T29: Thumb HC | W29: Liu RD | X29: Prince MS | Y29: Capote MS | AB29: Asymmetrical Inertia HC | AE29: 34
A30: =IFERROR(__xludf.DUMMYFUNCTION("""COMPUTED_VALUE"""),29.0) -> 29 | B30: =IFERROR(__xludf.DUMMYFUNCTION("""COMPUTED_VALUE"""),4378.0) -> 4378 | C30: =B30+C29 -> 31505 | D30: 29 | E30: 584 | F30: =F29+G30 -> 113 | G30: 1 | H30: 0 | I30: {="Ticket " & ROMAN(SEQUENCE(4,1))} -> Ticket I | J30: 52 | K30: 50 | L30: Days Needed | M30: =MAX(0, ROUNDUP((M28-J15)/J28,0)) -> 9 | N30: {=ROUNDDOWN((J30:J33*K30:K33)/($K$33),0)} -> 0 | R30: 7 HC | T30: Oufi HC | X30: Ring MS | AB30: Move-in Reg. HC | AE30: 34
A31: =IFERROR(__xludf.DUMMYFUNCTION("""COMPUTED_VALUE"""),30.0) -> 30 | B31: =IFERROR(__xludf.DUMMYFUNCTION("""COMPUTED_VALUE"""),4899.0) -> 4899 | C31: =B31+C30 -> 36404 | D31: 30 | E31: 620 | F31: =F30+G31 -> 114 | G31: 1 | H31: 6 | I31: Ticket II | J31: 286 | K31: 200 | L31: for UT3 | M31: =MAX(0, ROUNDUP((M26-J15)/J28,0)) -> 0 | N31: 19 | T31: TLA HC | W31: N Fanatic SC | X31: Cinq MS | Y31: Dimension Shredder HL | AB31: Fell Bullet HC | AE31: 36
A32: =IFERROR(__xludf.DUMMYFUNCTION("""COMPUTED_VALUE"""),31.0) -> 31 | B32: =IFERROR(__xludf.DUMMYFUNCTION("""COMPUTED_VALUE"""),3899.0) -> 3899 | C32: =B32+C31 -> 40303 | D32: 31 | E32: 656 | F32: =F31+G32 -> 115 | G32: 1 | H32: 6 | I32: Ticket III | J32: 298 | K32: 1000 | L32: for TS3 | M32: =MAX(0, ROUNDUP((J51-J15)/J28,0)) -> 0 | N32: 99 | R32: LCCB IS | T32: KK HC | W32: Dawn SC | X32: BL MS | Y32: Effervescent Corrosion HL | AB32: Bodysack HC | AE32: 36
A33: =IFERROR(__xludf.DUMMYFUNCTION("""COMPUTED_VALUE"""),32.0) -> 32 | B33: =IFERROR(__xludf.DUMMYFUNCTION("""COMPUTED_VALUE"""),4378.0) -> 4378 | C33: =B33+C32 -> 44681 | D33: 32 | E33: 692 | F33: =F32+G33 -> 116 | G33: 1 | H33: 6 | I33: Ticket IV | J33: 287 | K33: 3000 | L33: for TS4 | M33: =MAX(0, ROUNDUP((J45-J15)/J28,0)) -> 53 | N33: 287 | R33: WH IS | T33: FS HC | Y33: Roseate Desire HL | AB33: Binds HC | AE33: 36
A34: =IFERROR(__xludf.DUMMYFUNCTION("""COMPUTED_VALUE"""),33.0) -> 33 | B34: =IFERROR(__xludf.DUMMYFUNCTION("""COMPUTED_VALUE"""),4899.0) -> 4899 | C34: =B34+C33 -> 49580 | D34: 33 | E34: 736 | F34: =F33+G34 -> 117 | G34: 1 | L34: Total Ticket IV Amount | N34: =SUM(N30:N33) -> 405 | R34: Shi IS | T34: R HC | W34: Udjat OT | X34: Ring HL | Y34: Lasso HL | AE34: {=(ROUNDUP(SEQUENCE(3,1)/3,0)*2)+42} -> 44
A35: =IFERROR(__xludf.DUMMYFUNCTION("""COMPUTED_VALUE"""),34.0) -> 34 | B35: =IFERROR(__xludf.DUMMYFUNCTION("""COMPUTED_VALUE"""),5468.0) -> 5468 | C35: =B35+C34 -> 55048 | D35: 34 | E35: 780 | F35: =F34+G35 -> 118 | G35: 1 | I35: XP Lux | J35: 60 | L35: Max Acc Acq | M35: =MAX(0, ROUNDUP((M28+J45-J15)/J28,0)) -> 134 | X35: Lord HL | Y35: Soda HL | AB35: Hundred-Footed Death Maggot IS | AE35: 44
A36: =IFERROR(__xludf.DUMMYFUNCTION("""COMPUTED_VALUE"""),35.0) -> 35 | B36: =IFERROR(__xludf.DUMMYFUNCTION("""COMPUTED_VALUE"""),6075.0) -> 6075 | C36: =B36+C35 -> 61123 | D36: 35 | E36: 824 | F36: =F35+G36 -> 119 | G36: 1 | I36: XP Lux Skip | J36: 90 | R36: LCCB RD | T36: Pequod IS | W36: G GG | X36: D20 HL | AB36: Christmas Nightmare IS | AE36: 44
A37: =IFERROR(__xludf.DUMMYFUNCTION("""COMPUTED_VALUE"""),36.0) -> 36 | B37: =IFERROR(__xludf.DUMMYFUNCTION("""COMPUTED_VALUE"""),4899.0) -> 4899 | C37: =B37+C36 -> 66022 | D37: 36 | E37: 871 | F37: =F36+G37 -> 120 | G37: 1 | I37: Thread Lux | J37: 40 | R37: T RD | T37: Zwei IS | Y37: Ya Śūnyatā Tad Rūpam HC | AB37: Ardor Blossom Star IS | AE37: {=(ROUNDUP(SEQUENCE(9,1)/3,0)*2)+45} -> 47
A38: =IFERROR(__xludf.DUMMYFUNCTION("""COMPUTED_VALUE"""),37.0) -> 37 | B38: =IFERROR(__xludf.DUMMYFUNCTION("""COMPUTED_VALUE"""),5468.0) -> 5468 | C38: =B38+C37 -> 71490 | D38: 37 | E38: 918 | F38: =F37+G38 -> 121 | G38: 1 | I38: Thread Lux Skip | J38: 60 | T38: KK IS | X38: Heishou HC | Y38: Telepole HC | AB38: Blind Obsession IS | AE38: 47
A39: =IFERROR(__xludf.DUMMYFUNCTION("""COMPUTED_VALUE"""),38.0) -> 38 | B39: =IFERROR(__xludf.DUMMYFUNCTION("""COMPUTED_VALUE"""),6075.0) -> 6075 | C39: =B39+C38 -> 77565 | D39: 38 | E39: 965 | F39: =F38+G39 -> 122 | G39: 1 | I39: Daily Manager XP | J39: =(J38*3)+J35 -> 240 | R39: Mariachi SC | T39: R IS | X39: Middle HC | Y39: Holiday HC | AB39: Snagharpoon IS | AE39: 47
A40: =IFERROR(__xludf.DUMMYFUNCTION("""COMPUTED_VALUE"""),39.0) -> 39 | B40: =IFERROR(__xludf.DUMMYFUNCTION("""COMPUTED_VALUE"""),6722.0) -> 6722 | C40: =B40+C39 -> 84287 | D40: 39 | E40: 1014 | F40: =F39+G40 -> 123 | G40: 1 | R40: Zwei W SC | Y40: AEDD HC | AB40: Tidal Elegy IS | AE40: 49
A41: =IFERROR(__xludf.DUMMYFUNCTION("""COMPUTED_VALUE"""),40.0) -> 40 | B41: =IFERROR(__xludf.DUMMYFUNCTION("""COMPUTED_VALUE"""),7413.0) -> 7413 | C41: =B41+C40 -> 91700 | D41: 40 | E41: 1063 | F41: =F40+G41 -> 124 | G41: 1 | I41: ZAYIN TS4 | J41: ='EGO Old'!Z31 -> 1430 | R41: TLA SC | T41: Devyat RD | X41: WH HC | AE41: 49
A42: =IFERROR(__xludf.DUMMYFUNCTION("""COMPUTED_VALUE"""),41.0) -> 41 | B42: =IFERROR(__xludf.DUMMYFUNCTION("""COMPUTED_VALUE"""),6075.0) -> 6075 | C42: =B42+C41 -> 97775 | D42: 41 | E42: 1112 | F42: =F41+G42 -> 125 | G42: 1 | I42: TETH TS4 | J42: ='EGO Old'!Z34 -> 1040 | T42: Thumb RD | X42: W HC | Y42: Roseate Desire IS | AE42: 49
A43: =IFERROR(__xludf.DUMMYFUNCTION("""COMPUTED_VALUE"""),42.0) -> 42 | B43: =IFERROR(__xludf.DUMMYFUNCTION("""COMPUTED_VALUE"""),6722.0) -> 6722 | C43: =B43+C42 -> 104497 | D43: 42 | E43: 1163 | F43: =F42+G43 -> 126 | G43: {=MOD(SEQUENCE(28, 1, 1), 2)} -> 1 | I43: HE TS4 | J43: ='EGO Old'!Z37 -> 2100 | R43: Cinq OT | T43: RSP RD | Y43: Bygone Days IS | AB43: Sanguine Desire RD | AE43: 51
A44: =IFERROR(__xludf.DUMMYFUNCTION("""COMPUTED_VALUE"""),43.0) -> 43 | B44: =IFERROR(__xludf.DUMMYFUNCTION("""COMPUTED_VALUE"""),7413.0) -> 7413 | C44: =B44+C43 -> 111910 | D44: 43 | E44: 1214 | F44: =F43+G44 -> 126 | G44: 0 | I44: WAW TS4 | J44: ='EGO Old'!Z40 -> 2210 | R44: Ring OT | T44: R RD | X44: Hanafuda IS | Y44: Wingbeat IS | AB44: Indicant's Trial RD | AE44: 51
A45: =IFERROR(__xludf.DUMMYFUNCTION("""COMPUTED_VALUE"""),44.0) -> 44 | B45: =IFERROR(__xludf.DUMMYFUNCTION("""COMPUTED_VALUE"""),8156.0) -> 8156 | C45: =B45+C44 -> 120066 | D45: 44 | E45: 1265 | F45: =F44+G45 -> 127 | G45: 1 | I45: All TS4 Thread | J45: =SUM(J41:J44) -> 6780 | R45: BL OT | X45: LCD Osir IS | Y45: Capote IS | AB45: What is Cast RD | AE45: 51
A46: =IFERROR(__xludf.DUMMYFUNCTION("""COMPUTED_VALUE"""),45.0) -> 45 | B46: =IFERROR(__xludf.DUMMYFUNCTION("""COMPUTED_VALUE"""),8953.0) -> 8953 | C46: =B46+C45 -> 129019 | D46: 45 | E46: 1322 | F46: =F45+G46 -> 127 | G46: 0 | R46: G OT | T46: Devyat SC | X46: Xichun IS | AB46: Rime Shank RD | AE46: {=(ROUNDUP(SEQUENCE(9,1)/3,0)*2)+55} -> 57
A47: =IFERROR(__xludf.DUMMYFUNCTION("""COMPUTED_VALUE"""),46.0) -> 46 | B47: =IFERROR(__xludf.DUMMYFUNCTION("""COMPUTED_VALUE"""),7413.0) -> 7413 | C47: =B47+C46 -> 136432 | D47: 46 | E47: 1379 | F47: =F46+G47 -> 128 | G47: 1 | I47: ZAYIN TS3 | J47: ='EGO Old'!Z30 -> 0 | T47: Pinky SC | X47: Middle IS | Y47: Into The Sunset RD | AB47: Hex Nail RD | AE47: 57
A48: =IFERROR(__xludf.DUMMYFUNCTION("""COMPUTED_VALUE"""),47.0) -> 47 | B48: =IFERROR(__xludf.DUMMYFUNCTION("""COMPUTED_VALUE"""),7413.0) -> 7413 | C48: =B48+C47 -> 143845 | D48: 47 | E48: 1436 | F48: =F47+G48 -> 128 | G48: 0 | I48: TETH TS3 | J48: ='EGO Old'!Z33 -> 0 | R48: RSP GG | T48: Cinq SC | Y48: 4th Match Flame RD | AE48: 57
A49: =IFERROR(__xludf.DUMMYFUNCTION("""COMPUTED_VALUE"""),48.0) -> 48 | B49: =IFERROR(__xludf.DUMMYFUNCTION("""COMPUTED_VALUE"""),7413.0) -> 7413 | C49: =B49+C48 -> 151258 | D49: 48 | E49: 1495 | F49: =F48+G49 -> 129 | G49: 1 | I49: HE TS3 | J49: ='EGO Old'!Z36 -> 0 | R49: Liu GG | T49: BL SC | X49: Knight of Despair RD | Y49: Effervescent Corrosion RD | AB49: Branch of Knowledge SC | AE49: 59
A50: =IFERROR(__xludf.DUMMYFUNCTION("""COMPUTED_VALUE"""),49.0) -> 49 | B50: =IFERROR(__xludf.DUMMYFUNCTION("""COMPUTED_VALUE"""),7413.0) -> 7413 | C50: =B50+C49 -> 158671 | D50: 49 | E50: 1554 | F50: =F49+G50 -> 129 | G50: 0 | I50: WAW TS3 | J50: ='EGO Old'!Z39 -> 125 | X50: Princess RD | Y50: Pursuance RD | AB50: Tarnished Blood SC | AE50: 59
A51: =IFERROR(__xludf.DUMMYFUNCTION("""COMPUTED_VALUE"""),50.0) -> 50 | B51: =IFERROR(__xludf.DUMMYFUNCTION("""COMPUTED_VALUE"""),7413.0) -> 7413 | C51: =B51+C50 -> 166084 | D51: 50 | E51: 1613 | F51: =F50+G51 -> 130 | G51: 1 | I51: All TS3 Thread | J51: =SUM(J47:J50) -> 125 | T51: Magic Bullet OT | X51: Heishou RD | AB51: Harmony SC | AE51: 59
A52: =IFERROR(__xludf.DUMMYFUNCTION("""COMPUTED_VALUE"""),51.0) -> 51 | B52: =IFERROR(__xludf.DUMMYFUNCTION("""COMPUTED_VALUE"""),8156.0) -> 8156 | C52: =B52+C51 -> 174240 | D52: 51 | E52: 1674 | F52: =F51+G52 -> 130 | G52: 0 | T52: Barber OT | Y52: Cavernous Wailing SC | AE52: 61
A53: =IFERROR(__xludf.DUMMYFUNCTION("""COMPUTED_VALUE"""),52.0) -> 52 | B53: =IFERROR(__xludf.DUMMYFUNCTION("""COMPUTED_VALUE"""),8156.0) -> 8156 | C53: =B53+C52 -> 182396 | D53: 52 | E53: 1735 | F53: =F52+G53 -> 131 | G53: 1 | T53: Middle OT | X53: Ring RD | Y53: Impending Day SC | AB53: To Páthos Máthos OT | AE53: 61
A54: =IFERROR(__xludf.DUMMYFUNCTION("""COMPUTED_VALUE"""),53.0) -> 53 | B54: =IFERROR(__xludf.DUMMYFUNCTION("""COMPUTED_VALUE"""),8156.0) -> 8156 | C54: =B54+C53 -> 190552 | D54: 53 | E54: 1796 | F54: =F53+G54 -> 131 | G54: 0 | T54: Molar OT | Y54: Lifetime Stew SC | AB54: I'll Go fer Scissors. OT | AE54: 61
A55: =IFERROR(__xludf.DUMMYFUNCTION("""COMPUTED_VALUE"""),54.0) -> 54 | B55: =IFERROR(__xludf.DUMMYFUNCTION("""COMPUTED_VALUE"""),8156.0) -> 8156 | C55: =B55+C54 -> 198708 | D55: 54 | E55: 1860 | F55: =F54+G55 -> 132 | G55: 1 | T55: W OT | X55: Heishou SC | Y55: Hex Nail SC | AB55: Ya Śūnyatā Tad Rūpam OT | AE55: {=(ROUNDUP(SEQUENCE(3,1)/3,0)*2)+62} -> 64
A56: =IFERROR(__xludf.DUMMYFUNCTION("""COMPUTED_VALUE"""),55.0) -> 55 | B56: =IFERROR(__xludf.DUMMYFUNCTION("""COMPUTED_VALUE"""),8156.0) -> 8156 | C56: =B56+C55 -> 206864 | D56: 55 | E56: 1924 | F56: =F55+G56 -> 132 | G56: 0 | T56: 7 OT | X56: Thumb SC | Y56: Lantern SC | AB56: Magic Bullet OT | AE56: 64
A57: =IFERROR(__xludf.DUMMYFUNCTION("""COMPUTED_VALUE"""),56.0) -> 56 | B57: =IFERROR(__xludf.DUMMYFUNCTION("""COMPUTED_VALUE"""),8953.0) -> 8953 | C57: =B57+C56 -> 215817 | D57: 56 | E57: 1988 | F57: =F56+G57 -> 133 | G57: 1 | X57: Middle SC | Y57: 9:2 SC | AB57: Binds OT | AE57: 64
A58: =IFERROR(__xludf.DUMMYFUNCTION("""COMPUTED_VALUE"""),57.0) -> 57 | B58: =IFERROR(__xludf.DUMMYFUNCTION("""COMPUTED_VALUE"""),8953.0) -> 8953 | C58: =B58+C57 -> 224770 | D58: 57 | E58: 2062 | F58: =F57+G58 -> 133 | G58: 0 | T58: Pirates GG | AE58: {=(ROUNDUP(SEQUENCE(12,1)/3,0)*2)+72} -> 74
A59: =IFERROR(__xludf.DUMMYFUNCTION("""COMPUTED_VALUE"""),58.0) -> 58 | B59: =IFERROR(__xludf.DUMMYFUNCTION("""COMPUTED_VALUE"""),8953.0) -> 8953 | C59: =B59+C58 -> 233723 | D59: 58 | E59: 2136 | F59: =F58+G59 -> 134 | G59: 1 | T59: Firefist GG | Y59: Dimension Shredder OT | AB59: Suddenly, One Day GG | AE59: 74
A60: =IFERROR(__xludf.DUMMYFUNCTION("""COMPUTED_VALUE"""),59.0) -> 59 | B60: =IFERROR(__xludf.DUMMYFUNCTION("""COMPUTED_VALUE"""),8953.0) -> 8953 | C60: =B60+C59 -> 242676 | D60: 59 | E60: 2210 | F60: =F59+G60 -> 134 | G60: 0 | T60: Priest GG | X60: Heishou OT | Y60: Ebony Stem OT | AB60: Lantern GG | AE60: 74
A61: =IFERROR(__xludf.DUMMYFUNCTION("""COMPUTED_VALUE"""),60.0) -> 60 | B61: =IFERROR(__xludf.DUMMYFUNCTION("""COMPUTED_VALUE"""),8953.0) -> 8953 | C61: =B61+C60 -> 251629 | D61: 60 | E61: 2286 | F61: =F60+G61 -> 135 | G61: 1 | T61: Zwei GG | Y61: Sunshower OT | AB61: AEDD GG | AE61: 76
A62: {=SEQUENCE(40,1)+60} -> 61 | B62: {=SEQUENCE(5, 1, 9696, 0)} -> 9696 | C62: =B62+C61 -> 261325 | D62: 61 | E62: 2362 | F62: =F61+G62 -> 135 | G62: 0 | T62: WH GG | X62: WH OT | Y62: Holiday OT | AE62: 76
A63: 62 | B63: 9696 | C63: =B63+C62 -> 271021 | D63: 62 | E63: 2438 | F63: =F62+G63 -> 136 | G63: 1 | X63: T OT | AE63: 76
A64: 63 | B64: 9696 | C64: =B64+C63 -> 280717 | D64: 63 | E64: 2516 | F64: =F63+G64 -> 136 | G64: 0 | Y64: Christmas Nightmare GG | AE64: 78
A65: 64 | B65: 9696 | C65: =B65+C64 -> 290413 | D65: 64 | E65: 2594 | F65: =F64+G65 -> 137 | G65: 1 | X65: Night Awl GG | Y65: Garden of Thorns GG | AE65: 78
A66: 65 | B66: 9696 | C66: =B66+C65 -> 300109 | D66: 65 | E66: 2672 | F66: =F65+G66 -> 137 | G66: 0 | X66: Heishou GG | Y66: Solemn Lament GG | AE66: 78
A67: 66 | C67: =B67+C66 -> 300109 | D67: 66 | E67: 2752 | F67: =F66+G67 -> 138 | G67: 1 | Y67: Bygone Days GG | AE67: 80
A68: 67 | C68: =B68+C67 -> 300109 | D68: 67 | E68: 2832 | F68: =F67+G68 -> 138 | G68: 0 | Y68: Legerdemain GG | AE68: 80
A69: 68 | C69: =B69+C68 -> 300109 | D69: 68 | E69: 2912 | F69: =F68+G69 -> 139 | G69: 1 | X69: Lamp GG | AE69: 80
A70: 69 | C70: =B70+C69 -> 300109 | D70: 69 | E70: 3000 | F70: =F69+G70 -> 139 | G70: 0 | X70: AEDD GG | AE70: {=(ROUNDUP(SEQUENCE(12,1)/3,0)*2)+86} -> 88
A71: 70 | C71: =B71+C70 -> 300109 | D71: 70 | E71: 3088 | F71: =F70+G71 -> 140 | G71: {=MOD(MOD(SEQUENCE(331, 1, 1), 3), 2)} -> 1 | AE71: 88
A72: 71 | C72: =B72+C71 -> 300109 | D72: 71 | E72: 3176 | F72: =F71+G72 -> 140 | G72: 0 | AE72: 88
A73: 72 | C73: =B73+C72 -> 300109 | D73: 72 | E73: 3266 | F73: =F72+G73 -> 140 | G73: 0 | AE73: 90
A74: 73 | C74: =B74+C73 -> 300109 | D74: 73 | E74: 3356 | F74: =F73+G74 -> 141 | G74: 1 | AE74: 90
A75: 74 | C75: =B75+C74 -> 300109 | D75: 74 | E75: 3446 | F75: =F74+G75 -> 141 | G75: 0 | AE75: 90
A76: 75 | C76: =B76+C75 -> 300109 | D76: 75 | E76: 3538 | F76: =F75+G76 -> 141 | G76: 0 | AE76: 92
A77: 76 | C77: =B77+C76 -> 300109 | D77: 76 | E77: 3630 | F77: =F76+G77 -> 142 | G77: 1 | AE77: 92
A78: 77 | C78: =B78+C77 -> 300109 | D78: 77 | E78: 3722 | F78: =F77+G78 -> 142 | G78: 0 | AE78: 92
A79: 78 | C79: =B79+C78 -> 300109 | D79: 78 | E79: 3816 | F79: =F78+G79 -> 142 | G79: 0 | AE79: 94
A80: 79 | C80: =B80+C79 -> 300109 | D80: 79 | E80: 3910 | F80: =F79+G80 -> 143 | G80: 1 | AE80: 94
A81: 80 | C81: =B81+C80 -> 300109 | D81: 80 | E81: 4004 | F81: =F80+G81 -> 143 | G81: 0 | AE81: 94
A82: 81 | C82: =B82+C81 -> 300109 | D82: 81 | E82: 4108 | F82: =F81+G82 -> 143 | G82: 0 | AE82: {=(ROUNDUP(SEQUENCE(12,1)/3,0)*2)+102} -> 104
A83: 82 | C83: =B83+C82 -> 300109 | D83: 82 | E83: 4212 | F83: =F82+G83 -> 144 | G83: 1 | AE83: 104
A84: 83 | C84: =B84+C83 -> 300109 | D84: 83 | E84: 4316 | F84: =F83+G84 -> 144 | G84: 0 | AE84: 104
A85: 84 | C85: =B85+C84 -> 300109 | D85: 84 | E85: 4422 | F85: =F84+G85 -> 144 | G85: 0 | AE85: 106
A86: 85 | C86: =B86+C85 -> 300109 | D86: 85 | E86: 4528 | F86: =F85+G86 -> 145 | G86: 1 | AE86: 106
A87: 86 | C87: =B87+C86 -> 300109 | D87: 86 | E87: 4634 | F87: =F86+G87 -> 145 | G87: 0 | AE87: 106
A88: 87 | C88: =B88+C87 -> 300109 | D88: 87 | E88: 4742 | F88: =F87+G88 -> 145 | G88: 0 | AE88: 108
A89: 88 | C89: =B89+C88 -> 300109 | D89: 88 | E89: 4850 | F89: =F88+G89 -> 146 | G89: 1 | AE89: 108
A90: 89 | C90: =B90+C89 -> 300109 | D90: 89 | E90: 4958 | F90: =F89+G90 -> 146 | G90: 0 | AE90: 108
A91: 90 | C91: =B91+C90 -> 300109 | D91: 90 | E91: 5068 | F91: =F90+G91 -> 146 | G91: 0 | AE91: 110
A92: 91 | C92: =B92+C91 -> 300109 | D92: 91 | E92: 5178 | F92: =F91+G92 -> 147 | G92: 1 | AE92: 110
A93: 92 | C93: =B93+C92 -> 300109 | D93: 92 | E93: 5288 | F93: =F92+G93 -> 147 | G93: 0 | AE93: 110
A94: 93 | C94: =B94+C93 -> 300109 | D94: 93 | E94: 5404 | F94: =F93+G94 -> 147 | G94: 0 | AE94: {=(ROUNDUP(SEQUENCE(6,1)/3,0)*2)+114} -> 116
A95: 94 | C95: =B95+C94 -> 300109 | D95: 94 | E95: 5520 | F95: =F94+G95 -> 148 | G95: 1 | AE95: 116
A96: 95 | C96: =B96+C95 -> 300109 | D96: 95 | E96: 5636 | F96: =F95+G96 -> 148 | G96: 0 | AE96: 116
A97: 96 | C97: =B97+C96 -> 300109 | D97: 96 | E97: 5754 | F97: =F96+G97 -> 148 | G97: 0 | AE97: 118
A98: 97 | C98: =B98+C97 -> 300109 | D98: 97 | E98: 5872 | F98: =F97+G98 -> 149 | G98: 1 | AE98: 118
A99: 98 | C99: =B99+C98 -> 300109 | D99: 98 | E99: 5990 | F99: =F98+G99 -> 149 | G99: 0 | AE99: 118
A100: 99 | C100: =B100+C99 -> 300109 | D100: 99 | E100: 6109 | F100: =F99+G100 -> 149 | G100: 0 | AE100: {=(ROUNDUP(SEQUENCE(301,1)/3,0))+118} -> 119
...

Sheet IF SS7 Sheet
A1: Sinner | B1: ID #1 | C1: ID #2 | D1: EGO | F1: Actual Result | G1: ID #1 | H1: ID #2 | I1: ID #3 | J1: EGO | K1: EGO #2 | L1: Keyword for | M1: ID #1 | N1: ID #2 | O1: ID #3 | P1: EGO | Q1: EGO #2
A2: Yi Sang | C2: Dimension Shredder | D2: ? Walp X | F2: Yi Sang | G2: Index Father | J2: WAW BP | K2: SL Walp IX | L2: Yi Sang | M2: Poise Burn Sinking | P2: Poise Burn Sinking | Q2: Sinking
A3: Faust | B3: ? Walp X | C3: Hex Nail | F3: Faust | G3: Index Proselyte | H3: Ring Apprentice | I3: Yuna Walp IX | J3: Ardor Blossom Bkgk | L3: Faust | M3: Poise Sinking | N3: Charge Bleed | O3: Burn | P3: Burn
A4: Don Quixote | F4: Don Quixote | G4: Index Apprentice | L4: Don Quixote | M4: Poise Sinking
A5: Ryoshu | F5: Ryoshu | G5: FA&S Walp VIII | H5: Pinky Araya | J5: WAW BP | L5: Ryoshu | M5: Tremor Sinking | N5: Poise Burn Bleed | P5: Poise Burn Bleed
A6: Meursault | B6: Night Drifter | C6: Bad End | D6: WAW BP | F6: Meursault | G6: Hornet Walp VIII | H6: Ring Student Intv | J6: Shadow-Vested Intv2 | L6: Meursault | M6: Burn Bleed | N6: Sinking Bleed | P6: Poise Bleed
A7: Hong Lu | C7: Carvenous Wailings | F7: Hong Lu | G7: Ring Father | H7: S Corp Intv2 | L7: Hong Lu | M7: Charge Burn Bleed | N7: Poise Bleed
A8: Heathcliff | C8: King of Binds | D8: ZAYIN BP | F8: Heathcliff | G8: Middle Ricardo Bkgk2 | H8: Thumb Apprentice | J8: TETH BP | L8: Heathcliff | M8: Burn Bleed | N8: Burn Tremor | P8: Charge Burn
A9: Ishmael | C9: Blind Obsession | D9: WAW BP | F9: Ishmael | G9: Middle Apprentice | H9: LCD Osir Intv2 | L9: Ishmael | M9: Burn Bleed | N9: Poise Bleed
A10: Rodion | C10: Indicant's Trial | F10: Rodion | G10: Ring Docent Intv | H10: Thumb Father | J10: Into the Sunset Bkgk2 | L10: Rodion | M10: Sinking Bleed | N10: Burn Tremor | P10: Burn Bleed
A11: Sinclair | C11: Lantern | F11: Sinclair | G11: Pinky Apprentice | H11: Wayfarer SF | J11: Harmony Walp VIII | L11: Sinclair | M11: Poise Bleed | N11: Tremor Charge | P11: Burn Bleed
A12: Outis | B12: ? Walp X | F12: Outis | G12: Udjat Leader | H12: Middle Father | J12: ZAYIN BP | L12: Outis | M12: Tremor Sinking | N12: Burn Bleed | P12: Bleed
A13: Gregor | D13: HE BP | F13: Gregor | G13: Lobo Lamp | H13: LCE AEDD Bkgk | I13: Salvador Walp IX | L13: Gregor | M13: Burn Sinking | N13: Charge Rupture | O13: Burn
A15: Thumb | B15: =COUNTIF(B2:C13, "*Thumb*") -> 0 | F15: Thumb | G15: =COUNTIF(G2:I13, "*Thumb*") -> 2 | H15: Non-Finger IDs | I15: =IFERROR(__xludf.DUMMYFUNCTION("COUNTA(G2:I13) - ARRAYFORMULA(SUM(N(REGEXMATCH(G2:I13, ""Thumb|Index|Middle|Ring|Pinky""))))"),10.0) -> 10 | L15: Burn | M15: {=MAP(L15:L21, LAMBDA(row, IF(row<>"", "ID: " & COUNTIF(M2:O13, "*"&row&"*") & ", EGO: " & COUNTIF(P2:Q13, "*"&row&"*"), )))} -> ID: 12, EGO: 6 | N15: Poise Rupture | O15: Charge Rupture | P15: Rupture Sinking
A16: Index | B16: =COUNTIF(B2:C13, "*Index*") -> 0 | F16: Index | G16: =COUNTIF(G2:I13, "*Index*") -> 3 | H16: Non-BP EGOs | I16: =IFERROR(__xludf.DUMMYFUNCTION("COUNTA(J2:K13) - ARRAYFORMULA(SUM(N(REGEXMATCH(J2:K13, "" BP""))))"),5.0) -> 5 | L16: Bleed | M16: ID: 12, EGO: 5 | N16: Burn Bleed | O16: Poise Charge | P16: Poise Sinking
A17: Middle | B17: =COUNTIF(B2:C13, "*Middle*") -> 0 | F17: Middle | G17: =COUNTIF(G2:I13, "*Middle*") -> 3 | H17: House of Spiders | I17: =IFERROR(__xludf.DUMMYFUNCTION("ARRAYFORMULA(SUM(N(REGEXMATCH(G2:I13, ""Father|Apprentice|App|Araya""))))"),10.0) -> 10 | L17: Tremor | M17: ID: 5, EGO: 0 | N17: Sinking Bleed | O17: Tremor Burn | P17: Charge Sinking
A18: Ring | B18: =COUNTIF(B2:C13, "*Ring*") -> 0 | F18: Ring | G18: =COUNTIF(G2:I13, "*Ring*") -> 4 | H18: Total IDs | I18: =COUNTA(G2:I13) -> 24 | L18: Rupture | M18: ID: 1, EGO: 0 | N18: Tremor Bleed | O18: Tremor Sinking | P18: Burn Sinking
A19: Pinky | B19: =COUNTIF(B2:C13, "*Pinky*") -> 0 | F19: Pinky | G19: =COUNTIF(G2:I13, "*Pinky*") -> 2 | H19: Total EGOs | I19: =COUNTA(J2:K13) -> 9 | L19: Sinking | M19: ID: 8, EGO: 2 | N19: Rupture Bleed | O19: Tremor Rupture | P19: Burn Rupture
F20: Walpurgisnaughts | G20: =COUNTIF(G2:K13, "* Walp*") -> 6 | H20: No Faction Stuff | I20: =IFERROR(__xludf.DUMMYFUNCTION("COUNTA(G2:K13) - ARRAYFORMULA(SUM(N(REGEXMATCH(G2:K13, ""Thumb|Index|Middle|Ring|Pinky| Walp| Intv| Bkgk| BP""))))"),3.0) -> 3 | L20: Poise | M20: ID: 7, EGO: 3 | N20: Charge Bleed | O20: Tremor Charge | P20: Charge Burn
F21: Intervallos & Bokgaks | G21: =COUNTIF(G2:K13, "* Intv*") + COUNTIF(G2:K13, "* Bkgk") -> 7 | H21: Standard Fare | I21: =COUNTIF(G2:K13, "* SF*") -> 1 | L21: Charge | M21: ID: 4, EGO: 1 | N21: Poise Bleed | O21: Poise Tremor | P21: Poise Burn
A23: Burn | G23: Burn | H23: Tremor
A24: Liu YS | B24: LCE FT | C24: Cinq E DQ | D24: Araya RS | E24: Hornet MS | F24: Liu HL | G24: Liu YS | H24: LCE FT | I24: T DQ | J24: FA&S RS | K24: Thumb MS | L24: D20 HL
A25: Heishou HC | B25: Liu IS | C25: Liu RD | D25: Dawn SC | E25: Magic Bullet OT | F25: Firefist GG | G25: Thumb HC | H25: Hanafuda IS | I25: Thumb RD | J25: Thumb SC | K25: Magic Bullet OT | L25: Firefist GG
A26: Bleed | G26: Bleed | H26: Tremor
A27: Ring YS | B27: Ring FT | C27: Mancha DQ | D27: Awe RS | E27: Mancha MS | F27: Ring HL | G27: Ring YS | H27: Ring FT | I27: Mancha DQ | J27: Awe RS | K27: Mancha MS | L27: Ring HL
A28: KK HC | B28: KK IS | C28: Mancha RD | D28: Pinky SC | E28: Mancha OT | F28: Priest GG | G28: KK HC | H28: KK IS | I28: Mancha RD | J28: Thumb SC | K28: T OT | L28: Night Awl GG
A29: Tremor | G29: Tremor Souls | H29: Sinking | I29: Burn | J29: Bleed
A30: Heishou YS | B30: Regret FT | C30: T DQ | D30: Awe RS | E30: Thumb MS | F30: D20 HL | G30: Heishou YS | H30: Regret FT | I30: T DQ | J30: FA&S RS | K30: Thumb MS | L30: D20 HL
A31: Oufi HC | B31: Zwei IS | C31: T RD | D31: Thumb SC | E31: T OT | F31: Night Awl GG | G31: Thumb HC | H31: Hanafuda IS | I31: Thumb RD | J31: Thumb SC | K31: Udjat OT | L31: Night Awl GG
A32: Rupture | G32: Heishou | H32: Poise | I32: Rupture
A33: LCE YS | B33: Heishou FT | C33: Lantern DQ | D33: Heishou RS | E33: Cinq MS | F33: Lord HL | G33: Heishou YS | H33: Heishou FT | I33: Heishou DQ | J33: Daiyu RS | K33: Cinq MS | L33: Lord HL
A34: 7 HC | B34: Xichun IS | C34: Devyat RD | D34: Devyat SC | E34: Heishou OT | F34: AEDD GG | G34: Heishou HC | H34: Xichun IS | I34: Heishou RD | J34: Heishou SC | K34: Heishou OT | L34: Heishou GG
A35: Sinking | G35: Sinking Hybrid | H35: Tremor | I35: Poise
A36: TLA YS | B36: WH FT | C36: Heishou DQ | D36: FA&S RS | E36: Dieci MS | F36: R HL | G36: Solemn Lament YS | H36: Index FT | I36: Index DQ | J36: FA&S RS | K36: Dieci MS | L36: Dieci HL
A37: WH HC | B37: Molar IS | C37: KoD RD | D37: Mariachi SC | E37: WH OT | F37: WH GG | G37: WH HC | H37: Hanafuda IS | I37: KoD RD | J37: Mariachi SC | K37: Udjat OT | L37: Lamp GG
A38: Poise | G38: Poise | H38: Sinking
A39: Index YS | B39: Index FT | C39: Index DQ | D39: Daiyu RS | E39: BL MS | F39: FS HL | G39: Index YS | H39: Index FT | I39: Index DQ | J39: FA&S RS | K39: Cinq MS | L39: FS HL
A40: FS HC | B40: WH IS | C40: Heishou RD | D40: Pinky SC | E40: Cinq OT | F40: Heishou GG | G40: FS HC | H40: Hanafuda IS | I40: KoD RD | J40: Pinky/Yan SC | K40: WH OT | L40: WH/Lamp GG
A41: Charge | G41: Charge | H41: Bleed
A42: W YS | B42: MC FT | C42: W DQ | D42: RE&P RS | E42: R MS | F42: R HL | G42: Ring YS | H42: Ring FT | I42: W DQ | J42: RE&P RS | K42: Ring MS | L42: Ring HL
A43: MC HC | B43: R IS | C43: R RD | D43: Base SC | E43: W OT | F43: AEDD GG | G43: R HC | H43: R IS | I43: Ring RD | J43: Pinky SC | K43: Ring OT | L43: AEDD GG
A44: Lust | B44: Ring | C44: Bleed | G44: Envy | H44: Middle | I44: Bleed | J44: Burn
A45: Ring Pointilist YS | B45: Ring Corporist FT | C45: Ring Bloodfiend DQ | E45: Ring Fauvist MS | F45: Ring Corporist HL | G45: Liu YS | H45: Ring FT | I45: Middle DQ | J45: RE&P RS | K45: Hornet MS | L45: Ring HL
C46: Ring Fauvist RD | E46: Ring Pointilist OT | F46: Ring Maestro GG | G46: Middle HC | H46: Middle IS | I46: KoD RD | J46: Middle SC | K46: Middle OT | L46: Firefist GG
A47: Wrath | B47: Thumb | C47: Burn | D47: Tremor | G47: Gloom | H47: Index | I47: Poise | J47: Sinking
E48: Thumb MS | G48: Index YS | H48: Index FT | I48: Index DQ
A49: Thumb HC | C49: Thumb RD | D49: Thumb SC | J49: Index Yan SC? | K49: Index Weaver OT
A50: House of Spiders | B50: Burn | G50: Poise | H50: Bleed | I50: Blade Lineage
A51: Index YS | B51: Ring FT | C51: Index DQ | D51: Araya RS | E51: Pinky MS | F51: Ring HL | G51: Index YS | H51: BL FT | I51: Index DQ | J51: Araya RS | K51: BL MS | L51: S Corp HL
A52: Thumb HC | B52: Middle IS | C52: Thumb RD | D52: Pinky SC | E52: Middle OT | G52: Thumb HC | H52: LCD IS | I52: Thumb RD | J52: Pinky SC | K52: Middle OT | L52: Priest GG
A53: Charge | B53: Rupture | C53: Bleed | D53: Ammo | G53: Charge | H53: Rupture | I53: Sinking
A54: Fell Bullet YS | B54: Ring FT | C54: W DQ | D54: LCCB RS | E54: Mancha MS | F54: Ring HL | G54: W YS | H54: MC FT | I54: QoH DQ | J54: FA&S RS | K54: Cinq MS | L54: Base HL
A55: R HC | B55: LCCB IS | C55: Mancha RD | D55: Thumb SC | E55: W OT | F55: AEDD GG | G55: Sunshower HC | H55: R IS | I55: KoD RD | J55: Red Sheet SC | K55: W OT | L55: AEDD GG
A56: Tremor | B56: Charge | C56: Rupture | G56: Charge | H56: Sinking | I56: Bleed | J56: ="+ 1 Charge Bleed Sinking" -> + 1 Charge Bleed Sinking
A57: Heishou YS | B57: MC FT | C57: QoH DQ | D57: LCCB RS | E57: RSP MS | F57: D20 HL | G57: Fell Bullet YS | H57: Ring FT | I57: QoH DQ | J57: LCCB RS | K57: Ring Fauvist MS | L57: Ring HL
A58: W HC | B58: LCCB IS | C58: RSP RD | D58: Thumb SC | E58: Heishou OT | F58: RSP GG | G58: R HC | H58: R IS | I58: Ring Fauvist RD | J58: Thumb SC | K58: Udjat OT | L58: Pirate GG
A59: Tremor | B59: Poise | C59: Rupture | D59: ="+ 1 Poise Tremor" -> + 1 Poise Tremor | G59: Burn | H59: Bleed | I59: Poise
A60: Heishou YS | D60: LCCB RS | F60: Lord HL | G60: N Fell Bullet YS | H60: BL FT | I60: Cinq E DQ | J60: Araya RS | K60: Hornet MS | L60: S Corp HL
B61: LCCB IS | C61: Thumb RD | F61: Heishou GG | G61: Middle HC | H61: Pequod IS | J61: Pinky SC | K61: Middle OT

Sheet IF SS8 Sheet
A1: Sinner | B1: ID #1 | C1: ID #2 | D1: EGO | F1: Actual Result | G1: ID #1 | H1: ID #2 | I1: ID #3 | J1: EGO | K1: EGO #2 | L1: Keyword for | M1: ID #1 | N1: ID #2 | O1: ID #3 | P1: EGO | Q1: EGO #2
A2: Yi Sang | C2: Dimension Shredder | D2: ? Walp X | F2: Yi Sang | G2: Dim Shred NC EG | J2: ? Walp X | L2: Yi Sang | M2: Charge Rupture
A3: Faust | B3: ? Walp X | C3: Hex Nail | F3: Faust | G3: ? Walp X | H3: Hex Nail NC EG | L3: Faust | N3: Bleed
A4: Don Quixote | F4: Don Quixote | L4: Don Quixote
A5: Ryoshu | F5: Ryoshu | L5: Ryoshu
A6: Meursault | B6: Night Drifter | C6: Bad End | D6: WAW BP | F6: Meursault | G6: Night Drifter Bkgk | H6: Bad End | J6: WAW BP | L6: Meursault | M6: Poise Bleed
A7: Hong Lu | C7: Carvenous Wailings | F7: Hong Lu | G7: Carv Wails NC EG | L7: Hong Lu | M7: Tremor
A8: Heathcliff | C8: King of Binds | D8: ZAYIN BP | F8: Heathcliff | G8: Binds NC EG | J8: ZAYIN BP | L8: Heathcliff | M8: Tremor Sinking
A9: Ishmael | C9: Blind Obsession | D9: WAW BP | F9: Ishmael | G9: Blind Obsess NC EG | J9: WAW BP | L9: Ishmael | M9: Poise Charge Rupture
A10: Rodion | C10: Indicant's Trial | F10: Rodion | G10: Indicant's NC EG | L10: Rodion | M10: Burn
A11: Sinclair | C11: Lantern | F11: Sinclair | G11: Lantern NC EG | L11: Sinclair | M11: Rupture
A12: Outis | B12: ? Walp X | F12: Outis | G12: ? Walp X | L12: Outis
A13: Gregor | D13: HE BP | F13: Gregor | J13: HE BP | L13: Gregor
A15: Thumb | B15: =COUNTIF(B2:C13, "*Thumb*") -> 0 | F15: E.G.O Gear | G15: =COUNTIF(G2:I13, "* EG*") -> 7 | H15: Non-Finger IDs | I15: =IFERROR(__xludf.DUMMYFUNCTION("COUNTA(G2:I13) - ARRAYFORMULA(SUM(N(REGEXMATCH(G2:I13, ""Thumb|Index|Middle|Ring|Pinky""))))"),11.0) -> 11 | L15: Burn | M15: {=MAP(L15:L21, LAMBDA(row, IF(row<>"", "ID: " & COUNTIF(M2:O13, "*"&row&"*") & ", EGO: " & COUNTIF(P2:Q13, "*"&row&"*"), )))} -> ID: 1, EGO: 0 | N15: Poise Rupture | O15: Charge Rupture | P15: Rupture Sinking
A16: Index | B16: =COUNTIF(B2:C13, "*Index*") -> 0 | F16: E.G.O Gear | G16: =COUNTIF(G2:I13, "* EG*") -> 7 | H16: Non-BP EGOs | I16: =IFERROR(__xludf.DUMMYFUNCTION("COUNTA(J2:K13) - ARRAYFORMULA(SUM(N(REGEXMATCH(J2:K13, "" BP""))))"),1.0) -> 1 | L16: Bleed | M16: ID: 2, EGO: 0 | N16: Burn Bleed | O16: Poise Charge | P16: Poise Sinking
A17: Middle | B17: =COUNTIF(B2:C13, "*Middle*") -> 0 | F17: Middle | G17: =COUNTIF(G2:I13, "*Middle*") -> 0 | H17: N Corp | I17: =COUNTIF(G2:I13, "* NC*") -> 7 | L17: Tremor | M17: ID: 2, EGO: 0 | N17: Sinking Bleed | O17: Tremor Burn | P17: Charge Sinking
A18: Ring | B18: =COUNTIF(B2:C13, "*Ring*") -> 0 | F18: Ring | G18: =COUNTIF(G2:I13, "*Ring*") -> 0 | H18: Total IDs | I18: =COUNTA(G2:I13) -> 11 | L18: Rupture | M18: ID: 3, EGO: 0 | N18: Tremor Bleed | O18: Tremor Sinking | P18: Burn Sinking
A19: Pinky | B19: =COUNTIF(B2:C13, "*Pinky*") -> 0 | F19: Pinky | G19: =COUNTIF(G2:I13, "*Pinky*") -> 0 | H19: Total EGOs | I19: =COUNTA(J2:K13) -> 5 | L19: Sinking | M19: ID: 1, EGO: 0 | N19: Rupture Bleed | O19: Tremor Rupture | P19: Burn Rupture
F20: Walpurgisnaughts | G20: =COUNTIF(G2:K13, "* Walp*") -> 3 | H20: No Faction Stuff | I20: =IFERROR(__xludf.DUMMYFUNCTION("COUNTA(G2:K13) - ARRAYFORMULA(SUM(N(REGEXMATCH(G2:K13, ""Thumb|Index|Middle|Ring|Pinky| Walp| Intv| Bkgk| BP""))))"),8.0) -> 8 | L20: Poise | M20: ID: 2, EGO: 0 | N20: Charge Bleed | O20: Tremor Charge | P20: Charge Burn
F21: Intervallos & Bokgaks | G21: =COUNTIF(G2:K13, "* Intv*") + COUNTIF(G2:K13, "* Bkgk") -> 1 | H21: Standard Fare | I21: =COUNTIF(G2:K13, "* SF*") -> 0 | L21: Charge | M21: ID: 2, EGO: 0 | N21: Poise Bleed | O21: Poise Tremor | P21: Poise Burn
A23: Burn | G23: Burn | H23: Tremor
A24: Liu YS | B24: LCE FT | C24: Cinq E DQ | D24: Araya RS | E24: Hornet MS | F24: Liu HL | G24: Liu YS | H24: LCE FT | I24: T DQ | J24: FA&S RS | K24: Thumb MS | L24: D20 HL
A25: Heishou HC | B25: Liu IS | C25: Liu RD | D25: Dawn SC | E25: Magic Bullet OT | F25: Firefist GG | G25: Thumb HC | H25: Hanafuda IS | I25: Thumb RD | J25: Thumb SC | K25: Magic Bullet OT | L25: Firefist GG
A26: Bleed | G26: Bleed | H26: Tremor
A27: Ring YS | B27: Ring FT | C27: Mancha DQ | D27: Awe RS | E27: Mancha MS | F27: Ring HL | G27: Ring YS | H27: Ring FT | I27: Mancha DQ | J27: Awe RS | K27: Mancha MS | L27: Ring HL
A28: KK HC | B28: KK IS | C28: Mancha RD | D28: Pinky SC | E28: Mancha OT | F28: Priest GG | G28: KK HC | H28: KK IS | I28: Mancha RD | J28: Thumb SC | K28: T OT | L28: Night Awl GG
A29: Tremor | G29: Tremor Souls | H29: Sinking | I29: Burn | J29: Bleed
A30: Heishou YS | B30: Regret FT | C30: T DQ | D30: Awe RS | E30: Thumb MS | F30: D20 HL | G30: Heishou YS | H30: Regret FT | I30: T DQ | J30: FA&S RS | K30: Thumb MS | L30: D20 HL
A31: Oufi HC | B31: Zwei IS | C31: T RD | D31: Thumb SC | E31: T OT | F31: Night Awl GG | G31: Thumb HC | H31: Hanafuda IS | I31: Thumb RD | J31: Thumb SC | K31: Udjat OT | L31: Night Awl GG
A32: Rupture | G32: Heishou | H32: Poise | I32: Rupture
A33: LCE YS | B33: Heishou FT | C33: Lantern DQ | D33: Heishou RS | E33: Cinq MS | F33: Lord HL | G33: Heishou YS | H33: Heishou FT | I33: Heishou DQ | J33: Daiyu RS | K33: Cinq MS | L33: Lord HL
A34: 7 HC | B34: Xichun IS | C34: Devyat RD | D34: Devyat SC | E34: Heishou OT | F34: AEDD GG | G34: Heishou HC | H34: Xichun IS | I34: Heishou RD | J34: Heishou SC | K34: Heishou OT | L34: Heishou GG
A35: Sinking | G35: Sinking Hybrid | H35: Tremor | I35: Poise
A36: TLA YS | B36: WH FT | C36: Heishou DQ | D36: FA&S RS | E36: Dieci MS | F36: R HL | G36: Solemn Lament YS | H36: Index FT | I36: Index DQ | J36: FA&S RS | K36: Dieci MS | L36: Dieci HL
A37: WH HC | B37: Molar IS | C37: KoD RD | D37: Mariachi SC | E37: WH OT | F37: WH GG | G37: WH HC | H37: Hanafuda IS | I37: KoD RD | J37: Mariachi SC | K37: Udjat OT | L37: Lamp GG
A38: Poise | G38: Poise | H38: Sinking
A39: Index YS | B39: Index FT | C39: Index DQ | D39: Daiyu RS | E39: BL MS | F39: FS HL | G39: Index YS | H39: Index FT | I39: Index DQ | J39: FA&S RS | K39: Cinq MS | L39: FS HL
A40: FS HC | B40: WH IS | C40: Heishou RD | D40: Pinky SC | E40: Cinq OT | F40: Heishou GG | G40: FS HC | H40: Hanafuda IS | I40: KoD RD | J40: Pinky/Yan SC | K40: WH OT | L40: WH/Lamp GG
A41: Charge | G41: Charge | H41: Bleed
A42: W YS | B42: MC FT | C42: W DQ | D42: RE&P RS | E42: R MS | F42: R HL | G42: Ring YS | H42: Ring FT | I42: W DQ | J42: RE&P RS | K42: Ring MS | L42: Ring HL
A43: MC HC | B43: R IS | C43: R RD | D43: Base SC | E43: W OT | F43: AEDD GG | G43: R HC | H43: R IS | I43: Ring RD | J43: Pinky SC | K43: Ring OT | L43: AEDD GG
A44: Lust | B44: Ring | C44: Bleed | G44: Envy | H44: Middle | I44: Bleed | J44: Burn
A45: Ring Pointilist YS | B45: Ring Corporist FT | C45: Ring Bloodfiend DQ | E45: Ring Fauvist MS | F45: Ring Corporist HL | G45: Liu YS | H45: Ring FT | I45: Middle DQ | J45: RE&P RS | K45: Hornet MS | L45: Ring HL
C46: Ring Fauvist RD | E46: Ring Pointilist OT | F46: Ring Maestro GG | G46: Middle HC | H46: Middle IS | I46: KoD RD | J46: Middle SC | K46: Middle OT | L46: Firefist GG
A47: Wrath | B47: Thumb | C47: Burn | D47: Tremor | G47: Gloom | H47: Index | I47: Poise | J47: Sinking
E48: Thumb MS | G48: Index YS | H48: Index FT | I48: Index DQ
A49: Thumb HC | C49: Thumb RD | D49: Thumb SC | J49: Index Yan SC? | K49: Index Weaver OT
A50: House of Spiders | B50: Burn | G50: Poise | H50: Bleed | I50: Blade Lineage
A51: Index YS | B51: Ring FT | C51: Index DQ | D51: Araya RS | E51: Pinky MS | F51: Ring HL | G51: Index YS | H51: BL FT | I51: Index DQ | J51: Araya RS | K51: BL MS | L51: S Corp HL
A52: Thumb HC | B52: Middle IS | C52: Thumb RD | D52: Pinky SC | E52: Middle OT | G52: Thumb HC | H52: LCD IS | I52: Thumb RD | J52: Pinky SC | K52: Middle OT | L52: Priest GG
A53: Charge | B53: Rupture | C53: Bleed | D53: Ammo | G53: Charge | H53: Rupture | I53: Sinking
A54: Fell Bullet YS | B54: Ring FT | C54: W DQ | D54: LCCB RS | E54: Mancha MS | F54: Ring HL | G54: W YS | H54: MC FT | I54: QoH DQ | J54: FA&S RS | K54: Cinq MS | L54: Base HL
A55: R HC | B55: LCCB IS | C55: Mancha RD | D55: Thumb SC | E55: W OT | F55: AEDD GG | G55: Sunshower HC | H55: R IS | I55: KoD RD | J55: Red Sheet SC | K55: W OT | L55: AEDD GG
A56: Tremor | B56: Charge | C56: Rupture | G56: Charge | H56: Sinking | I56: Bleed | J56: ="+ 1 Charge Bleed Sinking" -> + 1 Charge Bleed Sinking
A57: Heishou YS | B57: MC FT | C57: QoH DQ | D57: LCCB RS | E57: RSP MS | F57: D20 HL | G57: Fell Bullet YS | H57: Ring FT | I57: QoH DQ | J57: LCCB RS | K57: Ring Fauvist MS | L57: Ring HL
A58: W HC | B58: LCCB IS | C58: RSP RD | D58: Thumb SC | E58: Heishou OT | F58: RSP GG | G58: R HC | H58: R IS | I58: Ring Fauvist RD | J58: Thumb SC | K58: Udjat OT | L58: Pirate GG
A59: Tremor | B59: Poise | C59: Rupture | D59: ="+ 2 Poise Tremor" -> + 2 Poise Tremor | G59: Burn | H59: Bleed | I59: Poise
A60: Heishou YS | D60: LCCB RS | F60: Lord HL | G60: N Fell Bullet YS | H60: BL FT | I60: Cinq E DQ | J60: Araya RS | K60: Hornet MS | L60: S Corp HL
B61: LCCB IS | C61: Heishou RD | F61: Heishou GG | G61: Middle HC | H61: Pequod IS | J61: Pinky SC | K61: Middle OT

Sheet ID Level
A1: ID Name | B1: Sinner | C1: ID Tier | D1: Season | E1: Keyword | F1: Internal ID | G1: Release Date | H1: Acquisition | I1: =IFERROR(__xludf.DUMMYFUNCTION("{""ID Name""; ARRAYFORMULA(LET(fullname, {""["" & A2:A999 & ""] "" & B2:B999}, condition, IF(REGEXMATCH(fullname, ""\[\] ""), """", fullname), IF(H2:H999, condition, """")))}"),"ID Name") -> ID Name | J1: Level | K1: Level Extra | L1: Uptie | M1: Extra Keyword | N1: =IFERROR(__xludf.DUMMYFUNCTION("{""Extractible Unobtained ID""; ARRAYFORMULA( LET( cleanD, SUBSTITUTE(D2:D999, "","", """"), fullname, C2:C999 & "" "" & cleanD & "" "" & ""["" & A2:A999 & ""] "" & B2:B999, condition, IF(NOT(REGEXMATCH(D2:D999 & """", ""Bokgak|Event"")), "&"fullname, """"), IF((H2:H999) + (condition = ""[] "") + (A2:A999 = """"), """", condition) ) )}"),"Extractible Unobtained ID") -> Extractible Unobtained ID | O1: =IFERROR(__xludf.DUMMYFUNCTION("{""Extractible Unobtained ID""; ARRAYFORMULA( LET( cleanD, SUBSTITUTE(D2:D999, "","", """"), fullname, C2:C999 & "" "" & cleanD & "" "" & ""["" & A2:A999 & ""] "" & B2:B999, condition, IF(REGEXMATCH(D2:D999 & """", ""Event|Bokgak""), fulln"&"ame, """"), IF((H2:H999) + (condition = ""[] "") + (A2:A999 = """"), """", condition) ) )}"),"Extractible Unobtained ID") -> Extractible Unobtained ID | P1: Uptie Contender | Q1: Shard Contender
A2: LCB Sinner | B2: Yi Sang | C2: Ø | D2: Standard Fare | E2: Sinking | F2: 1 | G2: =DATE(2023, 2, 27) -> 44984 | H2: TRUE | I2: =IFERROR(__xludf.DUMMYFUNCTION("""COMPUTED_VALUE"""),"[LCB Sinner] Yi Sang") -> [LCB Sinner] Yi Sang | J2: 18 | K2: 935 | L2: 3 | M2: Fragile, Damage Up | N2: =IFERROR(__xludf.DUMMYFUNCTION("""COMPUTED_VALUE"""),"") | O2: =IFERROR(__xludf.DUMMYFUNCTION("""COMPUTED_VALUE"""),"") | P2: Maybe?
A3: LCB Sinner | B3: Faust | C3: Ø | D3: Standard Fare | E3: No Keyword | F3: 2 | G3: =DATE(2023, 2, 27) -> 44984 | H3: TRUE | I3: =IFERROR(__xludf.DUMMYFUNCTION("""COMPUTED_VALUE"""),"[LCB Sinner] Faust") -> [LCB Sinner] Faust | J3: 20 | K3: 139 | L3: 3 | M3: Paralyze, Offense Level Down, Attack Power Down | N3: =IFERROR(__xludf.DUMMYFUNCTION("""COMPUTED_VALUE"""),"") | O3: =IFERROR(__xludf.DUMMYFUNCTION("""COMPUTED_VALUE"""),"") | P3: Maybe?
A4: LCB Sinner | B4: Don Quixote | C4: Ø | D4: Standard Fare | E4: Bleed | F4: 3 | G4: =DATE(2023, 2, 27) -> 44984 | H4: TRUE | I4: =IFERROR(__xludf.DUMMYFUNCTION("""COMPUTED_VALUE"""),"[LCB Sinner] Don Quixote") -> [LCB Sinner] Don Quixote | J4: 18 | K4: 896 | L4: 3 | M4: Haste, Attack Power Up | N4: =IFERROR(__xludf.DUMMYFUNCTION("""COMPUTED_VALUE"""),"") | O4: =IFERROR(__xludf.DUMMYFUNCTION("""COMPUTED_VALUE"""),"") | P4: Maybe?
A5: LCB Sinner | B5: Ryoshu | C5: Ø | D5: Standard Fare | E5: Poise | F5: 4 | G5: =DATE(2023, 2, 27) -> 44984 | H5: TRUE | I5: =IFERROR(__xludf.DUMMYFUNCTION("""COMPUTED_VALUE"""),"[LCB Sinner] Ryoshu") -> [LCB Sinner] Ryoshu | J5: 18 | K5: 937 | L5: 3 | M5: Attack Type DMG/Power Up | N5: =IFERROR(__xludf.DUMMYFUNCTION("""COMPUTED_VALUE"""),"") | O5: =IFERROR(__xludf.DUMMYFUNCTION("""COMPUTED_VALUE"""),"") | P5: Maybe?
A6: LCB Sinner | B6: Meursault | C6: Ø | D6: Standard Fare | E6: Tremor | F6: 5 | G6: =DATE(2023, 2, 27) -> 44984 | H6: TRUE | I6: =IFERROR(__xludf.DUMMYFUNCTION("""COMPUTED_VALUE"""),"[LCB Sinner] Meursault") -> [LCB Sinner] Meursault | J6: 3 | K6: 12 | L6: 3 | M6: Defense Power Up, Protection, Tremor Burst | N6: =IFERROR(__xludf.DUMMYFUNCTION("""COMPUTED_VALUE"""),"") | O6: =IFERROR(__xludf.DUMMYFUNCTION("""COMPUTED_VALUE"""),"") | P6: Maybe?
A7: LCB Sinner | B7: Hong Lu | C7: Ø | D7: Standard Fare | E7: Sinking, Rupture | F7: 6 | G7: =DATE(2023, 2, 27) -> 44984 | H7: TRUE | I7: =IFERROR(__xludf.DUMMYFUNCTION("""COMPUTED_VALUE"""),"[LCB Sinner] Hong Lu") -> [LCB Sinner] Hong Lu | J7: 18 | K7: 898 | L7: 3 | M7: Attack Power Down | N7: =IFERROR(__xludf.DUMMYFUNCTION("""COMPUTED_VALUE"""),"") | O7: =IFERROR(__xludf.DUMMYFUNCTION("""COMPUTED_VALUE"""),"") | P7: Maybe?
A8: LCB Sinner | B8: Heathcliff | C8: Ø | D8: Standard Fare | E8: Tremor | F8: 7 | G8: =DATE(2023, 2, 27) -> 44984 | H8: TRUE | I8: =IFERROR(__xludf.DUMMYFUNCTION("""COMPUTED_VALUE"""),"[LCB Sinner] Heathcliff") -> [LCB Sinner] Heathcliff | J8: 20 | K8: 347 | L8: 3 | M8: Attack Power Up, Damage Up, Tremor Burst | N8: =IFERROR(__xludf.DUMMYFUNCTION("""COMPUTED_VALUE"""),"") | O8: =IFERROR(__xludf.DUMMYFUNCTION("""COMPUTED_VALUE"""),"") | P8: Maybe?
A9: LCB Sinner | B9: Ishmael | C9: Ø | D9: Standard Fare | E9: Tremor | F9: 8 | G9: =DATE(2023, 2, 27) -> 44984 | H9: TRUE | I9: =IFERROR(__xludf.DUMMYFUNCTION("""COMPUTED_VALUE"""),"[LCB Sinner] Ishmael") -> [LCB Sinner] Ishmael | J9: 1 | K9: 0 | L9: 3 | M9: Defense Power Down, Attack Type Fragility, Tremor Burst | N9: =IFERROR(__xludf.DUMMYFUNCTION("""COMPUTED_VALUE"""),"") | O9: =IFERROR(__xludf.DUMMYFUNCTION("""COMPUTED_VALUE"""),"") | P9: Maybe?
A10: LCB Sinner | B10: Rodion | C10: Ø | D10: Standard Fare | E10: Bleed | F10: 9 | G10: =DATE(2023, 2, 27) -> 44984 | H10: TRUE | I10: =IFERROR(__xludf.DUMMYFUNCTION("""COMPUTED_VALUE"""),"[LCB Sinner] Rodion") -> [LCB Sinner] Rodion | J10: 4 | K10: 11 | L10: 3 | N10: =IFERROR(__xludf.DUMMYFUNCTION("""COMPUTED_VALUE"""),"") | O10: =IFERROR(__xludf.DUMMYFUNCTION("""COMPUTED_VALUE"""),"") | P10: Maybe?
A11: LCB Sinner | B11: Sinclair | C11: Ø | D11: Standard Fare | E11: Rupture | F11: 10 | G11: =DATE(2023, 2, 27) -> 44984 | H11: TRUE | I11: =IFERROR(__xludf.DUMMYFUNCTION("""COMPUTED_VALUE"""),"[LCB Sinner] Sinclair") -> [LCB Sinner] Sinclair | J11: 19 | K11: 55 | L11: 3 | M11: Attack Power Up | N11: =IFERROR(__xludf.DUMMYFUNCTION("""COMPUTED_VALUE"""),"") | O11: =IFERROR(__xludf.DUMMYFUNCTION("""COMPUTED_VALUE"""),"") | P11: Maybe?
A12: LCB Sinner | B12: Outis | C12: Ø | D12: Standard Fare | E12: Rupture | F12: 11 | G12: =DATE(2023, 2, 27) -> 44984 | H12: TRUE | I12: =IFERROR(__xludf.DUMMYFUNCTION("""COMPUTED_VALUE"""),"[LCB Sinner] Outis") -> [LCB Sinner] Outis | J12: 19 | K12: 48 | L12: 3 | N12: =IFERROR(__xludf.DUMMYFUNCTION("""COMPUTED_VALUE"""),"") | O12: =IFERROR(__xludf.DUMMYFUNCTION("""COMPUTED_VALUE"""),"") | P12: Maybe?
A13: LCB Sinner | B13: Gregor | C13: Ø | D13: Standard Fare | E13: Rupture | F13: 12 | G13: =DATE(2023, 2, 27) -> 44984 | H13: TRUE | I13: =IFERROR(__xludf.DUMMYFUNCTION("""COMPUTED_VALUE"""),"[LCB Sinner] Gregor") -> [LCB Sinner] Gregor | J13: 20 | K13: 113 | L13: 3 | M13: Attack Type Fragility | N13: =IFERROR(__xludf.DUMMYFUNCTION("""COMPUTED_VALUE"""),"") | O13: =IFERROR(__xludf.DUMMYFUNCTION("""COMPUTED_VALUE"""),"") | P13: Maybe?
A14: Seven Assoc. South Section 6 | B14: Yi Sang | C14: ØØ | D14: Standard Fare | E14: Rupture | F14: 13 | G14: =DATE(2023, 2, 27) -> 44984 | H14: TRUE | I14: =IFERROR(__xludf.DUMMYFUNCTION("""COMPUTED_VALUE"""),"[Seven Assoc. South Section 6] Yi Sang") -> [Seven Assoc. South Section 6] Yi Sang | J14: 1 | K14: 0 | L14: 3 | M14: Paralyze, Fragile, Attack Type Fragility | N14: =IFERROR(__xludf.DUMMYFUNCTION("""COMPUTED_VALUE"""),"") | O14: =IFERROR(__xludf.DUMMYFUNCTION("""COMPUTED_VALUE"""),"")
A15: Blade Lineage Salsu | B15: Yi Sang | C15: ØØØ | D15: Standard Fare | E15: Poise | F15: 14 | G15: =DATE(2023, 2, 27) -> 44984 | H15: TRUE | I15: =IFERROR(__xludf.DUMMYFUNCTION("""COMPUTED_VALUE"""),"[Blade Lineage Salsu] Yi Sang") -> [Blade Lineage Salsu] Yi Sang | J15: 1 | L15: 3 | N15: =IFERROR(__xludf.DUMMYFUNCTION("""COMPUTED_VALUE"""),"") | O15: =IFERROR(__xludf.DUMMYFUNCTION("""COMPUTED_VALUE"""),"")
A16: W Corp. L2 Cleanup Agent | B16: Faust | C16: ØØ | D16: Standard Fare | E16: Charge | F16: 17 | G16: =DATE(2023, 2, 27) -> 44984 | H16: TRUE | I16: =IFERROR(__xludf.DUMMYFUNCTION("""COMPUTED_VALUE"""),"[W Corp. L2 Cleanup Agent] Faust") -> [W Corp. L2 Cleanup Agent] Faust | J16: 6 | K16: 24 | L16: 3 | M16: Bind, Attack Power Down, Paralyze | N16: =IFERROR(__xludf.DUMMYFUNCTION("""COMPUTED_VALUE"""),"") | O16: =IFERROR(__xludf.DUMMYFUNCTION("""COMPUTED_VALUE"""),"")
A17: Lobotomy Corp. Remnant | B17: Faust | C17: ØØ | D17: Season, 1 | E17: Poise, Rupture | F17: 18 | G17: =DATE(2023, 2, 27) -> 44984 | H17: TRUE | I17: =IFERROR(__xludf.DUMMYFUNCTION("""COMPUTED_VALUE"""),"[Lobotomy Corp. Remnant] Faust") -> [Lobotomy Corp. Remnant] Faust | J17: 1 | K17: 0 | L17: 3 | M17: Haste | N17: =IFERROR(__xludf.DUMMYFUNCTION("""COMPUTED_VALUE"""),"") | O17: =IFERROR(__xludf.DUMMYFUNCTION("""COMPUTED_VALUE"""),"")
A18: W Corp. L3 Cleanup Agent | B18: Don Quixote | C18: ØØØ | D18: Standard Fare | E18: Charge, Rupture | F18: 22 | G18: =DATE(2023, 2, 27) -> 44984 | H18: FALSE | I18: =IFERROR(__xludf.DUMMYFUNCTION("""COMPUTED_VALUE"""),"") | M18: Fragile | N18: =IFERROR(__xludf.DUMMYFUNCTION("""COMPUTED_VALUE"""),"ØØØ Standard Fare [W Corp. L3 Cleanup Agent] Don Quixote") -> ØØØ Standard Fare [W Corp. L3 Cleanup Agent] Don Quixote | O18: =IFERROR(__xludf.DUMMYFUNCTION("""COMPUTED_VALUE"""),"")
A19: Shi Assoc. South Section 5 Director | B19: Don Quixote | C19: ØØ | D19: Standard Fare | E19: Poise | F19: 23 | G19: =DATE(2023, 2, 27) -> 44984 | H19: TRUE | I19: =IFERROR(__xludf.DUMMYFUNCTION("""COMPUTED_VALUE"""),"[Shi Assoc. South Section 5 Director] Don Quixote") -> [Shi Assoc. South Section 5 Director] Don Quixote | J19: 1 | K19: 0 | L19: 1 | M19: Haste | N19: =IFERROR(__xludf.DUMMYFUNCTION("""COMPUTED_VALUE"""),"") | O19: =IFERROR(__xludf.DUMMYFUNCTION("""COMPUTED_VALUE"""),"")
A20: Seven Assoc. South Section 6 | B20: Ryoshu | C20: ØØ | D20: Standard Fare | E20: Rupture | F20: 26 | G20: =DATE(2023, 2, 27) -> 44984 | H20: TRUE | I20: =IFERROR(__xludf.DUMMYFUNCTION("""COMPUTED_VALUE"""),"[Seven Assoc. South Section 6] Ryoshu") -> [Seven Assoc. South Section 6] Ryoshu | J20: 1 | K20: 0 | L20: 3 | M20: Attack Type Fragility, Attack Power Up, Defense Level Down | N20: =IFERROR(__xludf.DUMMYFUNCTION("""COMPUTED_VALUE"""),"") | O20: =IFERROR(__xludf.DUMMYFUNCTION("""COMPUTED_VALUE"""),"")
A21: Kurokumo Clan Wakashu | B21: Ryoshu | C21: ØØØ | D21: Standard Fare | E21: Bleed | F21: 27 | G21: =DATE(2023, 2, 27) -> 44984 | H21: TRUE | I21: =IFERROR(__xludf.DUMMYFUNCTION("""COMPUTED_VALUE"""),"[Kurokumo Clan Wakashu] Ryoshu") -> [Kurokumo Clan Wakashu] Ryoshu | J21: 1 | K21: 0 | L21: 1 | M21: Paralyze, Damage Down, Offense Level Down | N21: =IFERROR(__xludf.DUMMYFUNCTION("""COMPUTED_VALUE"""),"") | O21: =IFERROR(__xludf.DUMMYFUNCTION("""COMPUTED_VALUE"""),"")
A22: Liu Assoc. South Section 6 | B22: Meursault | C22: ØØ | D22: Standard Fare | E22: Burn | F22: 30 | G22: =DATE(2023, 2, 27) -> 44984 | H22: TRUE | I22: =IFERROR(__xludf.DUMMYFUNCTION("""COMPUTED_VALUE"""),"[Liu Assoc. South Section 6] Meursault") -> [Liu Assoc. South Section 6] Meursault | J22: 1 | K22: 0 | L22: 3 | N22: =IFERROR(__xludf.DUMMYFUNCTION("""COMPUTED_VALUE"""),"") | O22: =IFERROR(__xludf.DUMMYFUNCTION("""COMPUTED_VALUE"""),"")
A23: W Corp. L2 Cleanup Agent | B23: Meursault | C23: ØØØ | D23: Standard Fare | E23: Charge, Rupture | F23: 32 | G23: =DATE(2023, 2, 27) -> 44984 | H23: TRUE | I23: =IFERROR(__xludf.DUMMYFUNCTION("""COMPUTED_VALUE"""),"[W Corp. L2 Cleanup Agent] Meursault") -> [W Corp. L2 Cleanup Agent] Meursault | J23: 10 | K23: 90 | L23: 3 | M23: Attack Type Protection, Defense Level Down | N23: =IFERROR(__xludf.DUMMYFUNCTION("""COMPUTED_VALUE"""),"") | O23: =IFERROR(__xludf.DUMMYFUNCTION("""COMPUTED_VALUE"""),"")
A24: Kurokumo Clan Wakashu | B24: Hong Lu | C24: ØØ | D24: Standard Fare | E24: Bleed | F24: 35 | G24: =DATE(2023, 2, 27) -> 44984 | H24: TRUE | I24: =IFERROR(__xludf.DUMMYFUNCTION("""COMPUTED_VALUE"""),"[Kurokumo Clan Wakashu] Hong Lu") -> [Kurokumo Clan Wakashu] Hong Lu | J24: 1 | K24: 0 | L24: 3 | M24: Paralyze | N24: =IFERROR(__xludf.DUMMYFUNCTION("""COMPUTED_VALUE"""),"") | O24: =IFERROR(__xludf.DUMMYFUNCTION("""COMPUTED_VALUE"""),"")
A25: Tingtang Gang Gangleader | B25: Hong Lu | C25: ØØØ | D25: Season, 1 | E25: Bleed | F25: 38 | G25: =DATE(2023, 2, 27) -> 44984 | H25: TRUE | I25: =IFERROR(__xludf.DUMMYFUNCTION("""COMPUTED_VALUE"""),"[Tingtang Gang Gangleader] Hong Lu") -> [Tingtang Gang Gangleader] Hong Lu | J25: 4 | K25: 5 | L25: 3 | N25: =IFERROR(__xludf.DUMMYFUNCTION("""COMPUTED_VALUE"""),"") | O25: =IFERROR(__xludf.DUMMYFUNCTION("""COMPUTED_VALUE"""),"")
A26: Shi Assoc. South Section 5 | B26: Heathcliff | C26: ØØ | D26: Standard Fare | E26: Poise | F26: 40 | G26: =DATE(2023, 2, 27) -> 44984 | H26: TRUE | I26: =IFERROR(__xludf.DUMMYFUNCTION("""COMPUTED_VALUE"""),"[Shi Assoc. South Section 5] Heathcliff") -> [Shi Assoc. South Section 5] Heathcliff | J26: 28 | K26: 1978 | L26: 3 | N26: =IFERROR(__xludf.DUMMYFUNCTION("""COMPUTED_VALUE"""),"") | O26: =IFERROR(__xludf.DUMMYFUNCTION("""COMPUTED_VALUE"""),"")
A27: R Corp. 4th Pack Rabbit | B27: Heathcliff | C27: ØØØ | D27: Standard Fare | E27: Charge, Bleed, Rupture | F27: 43 | G27: =DATE(2023, 2, 27) -> 44984 | H27: FALSE | I27: =IFERROR(__xludf.DUMMYFUNCTION("""COMPUTED_VALUE"""),"") | M27: Ammo, Fragile, Haste, Attack Power Up | N27: =IFERROR(__xludf.DUMMYFUNCTION("""COMPUTED_VALUE"""),"ØØØ Standard Fare [R Corp. 4th Pack Rabbit] Heathcliff") -> ØØØ Standard Fare [R Corp. 4th Pack Rabbit] Heathcliff | O27: =IFERROR(__xludf.DUMMYFUNCTION("""COMPUTED_VALUE"""),"")
A28: LCCB Assistant Manager | B28: Ishmael | C28: ØØ | D28: Season, 1 | E28: Tremor, Rupture | F28: 45 | G28: =DATE(2023, 2, 27) -> 44984 | H28: TRUE | I28: =IFERROR(__xludf.DUMMYFUNCTION("""COMPUTED_VALUE"""),"[LCCB Assistant Manager] Ishmael") -> [LCCB Assistant Manager] Ishmael | J28: 1 | K28: 0 | L28: 3 | M28: Aggro, Paralyze, Attack Power Down, Ammo, Fragile, Tremor Burst | N28: =IFERROR(__xludf.DUMMYFUNCTION("""COMPUTED_VALUE"""),"") | O28: =IFERROR(__xludf.DUMMYFUNCTION("""COMPUTED_VALUE"""),"")
A29: Shi Assoc. South Section 5 | B29: Ishmael | C29: ØØ | D29: Standard Fare | E29: Poise | F29: 46 | G29: =DATE(2023, 2, 27) -> 44984 | H29: TRUE | I29: =IFERROR(__xludf.DUMMYFUNCTION("""COMPUTED_VALUE"""),"[Shi Assoc. South Section 5] Ishmael") -> [Shi Assoc. South Section 5] Ishmael | J29: 36 | K29: 1518 | L29: 3 | N29: =IFERROR(__xludf.DUMMYFUNCTION("""COMPUTED_VALUE"""),"") | O29: =IFERROR(__xludf.DUMMYFUNCTION("""COMPUTED_VALUE"""),"")
A30: R Corp. 4th Pack Reindeer | B30: Ishmael | C30: ØØØ | D30: Standard Fare | E30: Charge, Sinking | F30: 48 | G30: =DATE(2023, 2, 27) -> 44984 | H30: FALSE | I30: =IFERROR(__xludf.DUMMYFUNCTION("""COMPUTED_VALUE"""),"") | M30: Attack Power Up | N30: =IFERROR(__xludf.DUMMYFUNCTION("""COMPUTED_VALUE"""),"ØØØ Standard Fare [R Corp. 4th Pack Reindeer] Ishmael") -> ØØØ Standard Fare [R Corp. 4th Pack Reindeer] Ishmael | O30: =IFERROR(__xludf.DUMMYFUNCTION("""COMPUTED_VALUE"""),"")
A31: LCCB Assistant Manager | B31: Rodion | C31: ØØ | D31: Season, 1 | E31: No Keyword | F31: 51 | G31: =DATE(2023, 2, 27) -> 44984 | H31: TRUE | I31: =IFERROR(__xludf.DUMMYFUNCTION("""COMPUTED_VALUE"""),"[LCCB Assistant Manager] Rodion") -> [LCCB Assistant Manager] Rodion | J31: 1 | K31: 0 | L31: 3 | M31: Paralyze, Defense Power Down, Defense Level Down | N31: =IFERROR(__xludf.DUMMYFUNCTION("""COMPUTED_VALUE"""),"") | O31: =IFERROR(__xludf.DUMMYFUNCTION("""COMPUTED_VALUE"""),"")
A32: Kurokumo Clan Wakashu | B32: Rodion | C32: ØØØ | D32: Standard Fare | E32: Poise, Bleed | F32: 54 | G32: =DATE(2023, 2, 27) -> 44984 | H32: TRUE | I32: =IFERROR(__xludf.DUMMYFUNCTION("""COMPUTED_VALUE"""),"[Kurokumo Clan Wakashu] Rodion") -> [Kurokumo Clan Wakashu] Rodion | J32: 27 | K32: 183 | L32: 3 | M32: Protection | N32: =IFERROR(__xludf.DUMMYFUNCTION("""COMPUTED_VALUE"""),"") | O32: =IFERROR(__xludf.DUMMYFUNCTION("""COMPUTED_VALUE"""),"")
A33: Zwei Assoc. South Section 6 | B33: Sinclair | C33: ØØ | D33: Standard Fare | E33: Tremor | F33: 57 | G33: =DATE(2023, 2, 27) -> 44984 | H33: TRUE | I33: =IFERROR(__xludf.DUMMYFUNCTION("""COMPUTED_VALUE"""),"[Zwei Assoc. South Section 6] Sinclair") -> [Zwei Assoc. South Section 6] Sinclair | J33: 1 | K33: 0 | L33: 1 | M33: Protection, Aggro, Damage Down, Attack Type Fragility, Defense Power Down, Tremor Burst | N33: =IFERROR(__xludf.DUMMYFUNCTION("""COMPUTED_VALUE"""),"") | O33: =IFERROR(__xludf.DUMMYFUNCTION("""COMPUTED_VALUE"""),"")
A34: Los Mariachis Jefe | B34: Sinclair | C34: ØØ | D34: Season, 1 | E34: Sinking, Poise | F34: 58 | G34: =DATE(2023, 2, 27) -> 44984 | H34: TRUE | I34: =IFERROR(__xludf.DUMMYFUNCTION("""COMPUTED_VALUE"""),"[Los Mariachis Jefe] Sinclair") -> [Los Mariachis Jefe] Sinclair | J34: 6 | K34: 3 | L34: 3 | N34: =IFERROR(__xludf.DUMMYFUNCTION("""COMPUTED_VALUE"""),"") | O34: =IFERROR(__xludf.DUMMYFUNCTION("""COMPUTED_VALUE"""),"")
A35: Blade Lineage Salsu | B35: Sinclair | C35: ØØØ | D35: Standard Fare | E35: Poise, Bleed | F35: 61 | G35: =DATE(2023, 2, 27) -> 44984 | H35: FALSE | I35: =IFERROR(__xludf.DUMMYFUNCTION("""COMPUTED_VALUE"""),"") | M35: Attack Power Up, Paralyze, Damage Up | N35: =IFERROR(__xludf.DUMMYFUNCTION("""COMPUTED_VALUE"""),"ØØØ Standard Fare [Blade Lineage Salsu] Sinclair") -> ØØØ Standard Fare [Blade Lineage Salsu] Sinclair | O35: =IFERROR(__xludf.DUMMYFUNCTION("""COMPUTED_VALUE"""),"")
A36: Blade Lineage Salsu | B36: Outis | C36: ØØ | D36: Standard Fare | E36: Poise | F36: 63 | G36: =DATE(2023, 2, 27) -> 44984 | H36: TRUE | I36: =IFERROR(__xludf.DUMMYFUNCTION("""COMPUTED_VALUE"""),"[Blade Lineage Salsu] Outis") -> [Blade Lineage Salsu] Outis | J36: 7 | K36: 38 | L36: 3 | M36: Attack Type DMG/Power Up | N36: =IFERROR(__xludf.DUMMYFUNCTION("""COMPUTED_VALUE"""),"") | O36: =IFERROR(__xludf.DUMMYFUNCTION("""COMPUTED_VALUE"""),"")
A37: G Corp. Head Manager | B37: Outis | C37: ØØ | D37: Season, 1 | E37: Sinking | F37: 64 | G37: =DATE(2023, 2, 27) -> 44984 | H37: TRUE | I37: =IFERROR(__xludf.DUMMYFUNCTION("""COMPUTED_VALUE"""),"[G Corp. Head Manager] Outis") -> [G Corp. Head Manager] Outis | J37: 1 | K37: 0 | L37: 3 | M37: Protection, Attack Power Up, Damage Up, Attack Power Down, Haste, Defense Power Up | N37: =IFERROR(__xludf.DUMMYFUNCTION("""COMPUTED_VALUE"""),"") | O37: =IFERROR(__xludf.DUMMYFUNCTION("""COMPUTED_VALUE"""),"")
A38: Liu Assoc. South Section 6 | B38: Gregor | C38: ØØ | D38: Standard Fare | E38: Burn | F38: 67 | G38: =DATE(2023, 2, 27) -> 44984 | H38: TRUE | I38: =IFERROR(__xludf.DUMMYFUNCTION("""COMPUTED_VALUE"""),"[Liu Assoc. South Section 6] Gregor") -> [Liu Assoc. South Section 6] Gregor | J38: 29 | K38: 1192 | L38: 3 | M38: Attack Power Up | N38: =IFERROR(__xludf.DUMMYFUNCTION("""COMPUTED_VALUE"""),"") | O38: =IFERROR(__xludf.DUMMYFUNCTION("""COMPUTED_VALUE"""),"")
A39: G Corp. Manager Corporal | B39: Gregor | C39: ØØØ | D39: Season, 1 | E39: Rupture | F39: 70 | G39: =DATE(2023, 2, 27) -> 44984 | H39: TRUE | I39: =IFERROR(__xludf.DUMMYFUNCTION("""COMPUTED_VALUE"""),"[G Corp. Manager Corporal] Gregor") -> [G Corp. Manager Corporal] Gregor | J39: 9 | K39: 79 | L39: 3 | N39: =IFERROR(__xludf.DUMMYFUNCTION("""COMPUTED_VALUE"""),"") | O39: =IFERROR(__xludf.DUMMYFUNCTION("""COMPUTED_VALUE"""),"")
A40: N Corp. Großhammer | B40: Meursault | C40: ØØØ | D40: Season, 1 | E40: No Keyword | F40: 33 | G40: =DATE(2023, 3, 9) -> 44994 | H40: FALSE | I40: =IFERROR(__xludf.DUMMYFUNCTION("""COMPUTED_VALUE"""),"") | M40: Aggro, Bind, Attack Power Down, Protection, Attack Power Up, Nail | N40: =IFERROR(__xludf.DUMMYFUNCTION("""COMPUTED_VALUE"""),"ØØØ Season 1 [N Corp. Großhammer] Meursault") -> ØØØ Season 1 [N Corp. Großhammer] Meursault | O40: =IFERROR(__xludf.DUMMYFUNCTION("""COMPUTED_VALUE"""),"")
A41: N Corp. Mittelhammer | B41: Rodion | C41: ØØ | D41: Season, 1 | E41: Bleed | F41: 52 | G41: =DATE(2023, 3, 9) -> 44994 | H41: TRUE | I41: =IFERROR(__xludf.DUMMYFUNCTION("""COMPUTED_VALUE"""),"[N Corp. Mittelhammer] Rodion") -> [N Corp. Mittelhammer] Rodion | J41: 1 | K41: 0 | L41: 1 | M41: Paralyze, Haste, Damage Up, Nail | N41: =IFERROR(__xludf.DUMMYFUNCTION("""COMPUTED_VALUE"""),"") | O41: =IFERROR(__xludf.DUMMYFUNCTION("""COMPUTED_VALUE"""),"")
A42: The One Who Grips | B42: Faust | C42: ØØØ | D42: Season, 1 | E42: Bleed | F42: 19 | G42: =DATE(2023, 3, 23) -> 45008 | H42: TRUE | I42: =IFERROR(__xludf.DUMMYFUNCTION("""COMPUTED_VALUE"""),"[The One Who Grips] Faust") -> [The One Who Grips] Faust | J42: 55 | K42: 262 | L42: 4 | M42: Paralyze, Attack Type DMG/Power Up, Nail | N42: =IFERROR(__xludf.DUMMYFUNCTION("""COMPUTED_VALUE"""),"") | O42: =IFERROR(__xludf.DUMMYFUNCTION("""COMPUTED_VALUE"""),"")
A43: N Corp. Kleinhammer | B43: Heathcliff | C43: ØØ | D43: Season, 1 | E43: Bleed | F43: 41 | G43: =DATE(2023, 3, 23) -> 45008 | H43: TRUE | I43: =IFERROR(__xludf.DUMMYFUNCTION("""COMPUTED_VALUE"""),"[N Corp. Kleinhammer] Heathcliff") -> [N Corp. Kleinhammer] Heathcliff | J43: 10 | K43: 62 | L43: 3 | M43: Plus Coin Drop, Attack Type DMG/Power Up, Nail | N43: =IFERROR(__xludf.DUMMYFUNCTION("""COMPUTED_VALUE"""),"") | O43: =IFERROR(__xludf.DUMMYFUNCTION("""COMPUTED_VALUE"""),"")
A44: Liu Assoc. South Section 5 | B44: Hong Lu | C44: ØØ | D44: Standard Fare | E44: Burn | F44: 36 | G44: =DATE(2023, 4, 6) -> 45022 | H44: TRUE | I44: =IFERROR(__xludf.DUMMYFUNCTION("""COMPUTED_VALUE"""),"[Liu Assoc. South Section 5] Hong Lu") -> [Liu Assoc. South Section 5] Hong Lu | J44: 1 | K44: 0 | L44: 3 | N44: =IFERROR(__xludf.DUMMYFUNCTION("""COMPUTED_VALUE"""),"") | O44: =IFERROR(__xludf.DUMMYFUNCTION("""COMPUTED_VALUE"""),"")
A45: Seven Assoc. South Section 6 Director | B45: Outis | C45: ØØØ | D45: Standard Fare | E45: Rupture | F45: 65 | G45: =DATE(2023, 4, 6) -> 45022 | H45: FALSE | I45: =IFERROR(__xludf.DUMMYFUNCTION("""COMPUTED_VALUE"""),"") | M45: Paralyze, Defense Level Down, Offense Level Down, Haste, Defense Power Up | N45: =IFERROR(__xludf.DUMMYFUNCTION("""COMPUTED_VALUE"""),"ØØØ Standard Fare [Seven Assoc. South Section 6 Director] Outis") -> ØØØ Standard Fare [Seven Assoc. South Section 6 Director] Outis | O45: =IFERROR(__xludf.DUMMYFUNCTION("""COMPUTED_VALUE"""),"")
A46: R.B. Chef de Cuisine | B46: Ryoshu | C46: ØØØ | D46: Season, 1, Event | E46: Bleed | F46: 28 | G46: =DATE(2023, 4, 20) -> 45036 | H46: TRUE | I46: =IFERROR(__xludf.DUMMYFUNCTION("""COMPUTED_VALUE"""),"[R.B. Chef de Cuisine] Ryoshu") -> [R.B. Chef de Cuisine] Ryoshu | J46: 1 | K46: 0 | L46: 1 | M46: Bind, Haste, HP Healing Down | N46: =IFERROR(__xludf.DUMMYFUNCTION("""COMPUTED_VALUE"""),"") | O46: =IFERROR(__xludf.DUMMYFUNCTION("""COMPUTED_VALUE"""),"")
A47: R.B. Sous-chef | B47: Gregor | C47: ØØ | D47: Season, 1, Event, Reward | E47: Bleed | F47: 68 | G47: =DATE(2023, 4, 20) -> 45036 | H47: FALSE | I47: =IFERROR(__xludf.DUMMYFUNCTION("""COMPUTED_VALUE"""),"") | M47: Bind, Paralyze | N47: =IFERROR(__xludf.DUMMYFUNCTION("""COMPUTED_VALUE"""),"") | O47: =IFERROR(__xludf.DUMMYFUNCTION("""COMPUTED_VALUE"""),"ØØ Season 1 Event Reward [R.B. Sous-chef] Gregor") -> ØØ Season 1 Event Reward [R.B. Sous-chef] Gregor
A48: N Corp. Mittelhammer | B48: Don Quixote | C48: ØØ | D48: Season, 1 | E48: Tremor | F48: 24 | G48: =DATE(2023, 5, 4) -> 45050 | H48: TRUE | I48: =IFERROR(__xludf.DUMMYFUNCTION("""COMPUTED_VALUE"""),"[N Corp. Mittelhammer] Don Quixote") -> [N Corp. Mittelhammer] Don Quixote | J48: 7 | K48: 48 | L48: 3 | M48: Attack Power Down, Paralyze, Tremor Burst, Nail | N48: =IFERROR(__xludf.DUMMYFUNCTION("""COMPUTED_VALUE"""),"") | O48: =IFERROR(__xludf.DUMMYFUNCTION("""COMPUTED_VALUE"""),"")
A49: The One Who Shall Grip | B49: Sinclair | C49: ØØØ | D49: Season, 1 | E49: Burn, Bleed | F49: 62 | G49: =DATE(2023, 5, 4) -> 45050 | H49: TRUE | I49: =IFERROR(__xludf.DUMMYFUNCTION("""COMPUTED_VALUE"""),"[The One Who Shall Grip] Sinclair") -> [The One Who Shall Grip] Sinclair | J49: 45 | K49: 71 | L49: 3 | M49: Attack Type DMG/Power Up, Nail | N49: =IFERROR(__xludf.DUMMYFUNCTION("""COMPUTED_VALUE"""),"") | O49: =IFERROR(__xludf.DUMMYFUNCTION("""COMPUTED_VALUE"""),"") | P49: 11
A50: Rosespanner Workshop Fixer | B50: Meursault | C50: ØØ | D50: Season, 2 | E50: Tremor, Charge | F50: 31 | G50: =DATE(2023, 6, 1) -> 45078 | H50: TRUE | I50: =IFERROR(__xludf.DUMMYFUNCTION("""COMPUTED_VALUE"""),"[Rosespanner Workshop Fixer] Meursault") -> [Rosespanner Workshop Fixer] Meursault | J50: 1 | K50: 0 | L50: 1 | M50: Attack Power Down, Tremor Burst | N50: =IFERROR(__xludf.DUMMYFUNCTION("""COMPUTED_VALUE"""),"") | O50: =IFERROR(__xludf.DUMMYFUNCTION("""COMPUTED_VALUE"""),"")
A51: Rosespanner Workshop Rep | B51: Rodion | C51: ØØØ | D51: Season, 2 | E51: Charge, Tremor | F51: 55 | G51: =DATE(2023, 6, 1) -> 45078 | H51: FALSE | I51: =IFERROR(__xludf.DUMMYFUNCTION("""COMPUTED_VALUE"""),"") | M51: Haste, Attack Type DMG/Power Up, Tremor Burst | N51: =IFERROR(__xludf.DUMMYFUNCTION("""COMPUTED_VALUE"""),"ØØØ Season 2 [Rosespanner Workshop Rep] Rodion") -> ØØØ Season 2 [Rosespanner Workshop Rep] Rodion | O51: =IFERROR(__xludf.DUMMYFUNCTION("""COMPUTED_VALUE"""),"")
A52: Lobotomy E.G.O::Sunshower | B52: Heathcliff | C52: ØØØ | D52: Season, 2 | E52: Sinking, Rupture | F52: 44 | G52: =DATE(2023, 6, 8) -> 45085 | H52: FALSE | I52: =IFERROR(__xludf.DUMMYFUNCTION("""COMPUTED_VALUE"""),"") | M52: Paralyze, Fragile, Protection, Attack Type DMG/Power Up, Tremor Burst | N52: =IFERROR(__xludf.DUMMYFUNCTION("""COMPUTED_VALUE"""),"ØØØ Season 2 [Lobotomy E.G.O::Sunshower] Heathcliff") -> ØØØ Season 2 [Lobotomy E.G.O::Sunshower] Heathcliff | O52: =IFERROR(__xludf.DUMMYFUNCTION("""COMPUTED_VALUE"""),"")
A53: Rosespanner Workshop Fixer | B53: Gregor | C53: ØØ | D53: Season, 2 | E53: Charge, Rupture, Tremor | F53: 69 | G53: =DATE(2023, 6, 8) -> 45085 | H53: TRUE | I53: =IFERROR(__xludf.DUMMYFUNCTION("""COMPUTED_VALUE"""),"[Rosespanner Workshop Fixer] Gregor") -> [Rosespanner Workshop Fixer] Gregor | J53: 1 | K53: 0 | L53: 3 | M53: Tremor Burst | N53: =IFERROR(__xludf.DUMMYFUNCTION("""COMPUTED_VALUE"""),"") | O53: =IFERROR(__xludf.DUMMYFUNCTION("""COMPUTED_VALUE"""),"")
A54: Effloresced E.G.O::Spicebush | B54: Yi Sang | C54: ØØØ | D54: Season, 2 | E54: Tremor, Sinking | F54: 15 | G54: =DATE(2023, 6, 15) -> 45092 | H54: FALSE | I54: =IFERROR(__xludf.DUMMYFUNCTION("""COMPUTED_VALUE"""),"") | M54: Tremor Burst | N54: =IFERROR(__xludf.DUMMYFUNCTION("""COMPUTED_VALUE"""),"ØØØ Season 2 [Effloresced E.G.O::Spicebush] Yi Sang") -> ØØØ Season 2 [Effloresced E.G.O::Spicebush] Yi Sang | O54: =IFERROR(__xludf.DUMMYFUNCTION("""COMPUTED_VALUE"""),"")
A55: Lobotomy E.G.O::Sloshing | B55: Ishmael | C55: ØØ | D55: Season, 2 | E55: Tremor, Rupture | F55: 47 | G55: =DATE(2023, 6, 15) -> 45092 | H55: TRUE | I55: =IFERROR(__xludf.DUMMYFUNCTION("""COMPUTED_VALUE"""),"[Lobotomy E.G.O::Sloshing] Ishmael") -> [Lobotomy E.G.O::Sloshing] Ishmael | J55: 27 | K55: 399 | L55: 2 | M55: Aggro, Tremor Burst | N55: =IFERROR(__xludf.DUMMYFUNCTION("""COMPUTED_VALUE"""),"") | O55: =IFERROR(__xludf.DUMMYFUNCTION("""COMPUTED_VALUE"""),"")
A56: K Corp. Class 3 Excision Staff | B56: Hong Lu | C56: ØØØ | D56: Season, 2 | E56: Rupture | F56: 39 | G56: =DATE(2023, 6, 29) -> 45106 | H56: TRUE | I56: =IFERROR(__xludf.DUMMYFUNCTION("""COMPUTED_VALUE"""),"[K Corp. Class 3 Excision Staff] Hong Lu") -> [K Corp. Class 3 Excision Staff] Hong Lu | J56: 38 | K56: 440 | L56: 3 | M56: Aggro, Fragile | N56: =IFERROR(__xludf.DUMMYFUNCTION("""COMPUTED_VALUE"""),"") | O56: =IFERROR(__xludf.DUMMYFUNCTION("""COMPUTED_VALUE"""),"")
A57: Lobotomy E.G.O::Red Sheet | B57: Sinclair | C57: ØØ | D57: Season, 2 | E57: Rupture | F57: 59 | G57: =DATE(2023, 6, 29) -> 45106 | H57: TRUE | I57: =IFERROR(__xludf.DUMMYFUNCTION("""COMPUTED_VALUE"""),"[Lobotomy E.G.O::Red Sheet] Sinclair") -> [Lobotomy E.G.O::Red Sheet] Sinclair | J57: 30 | K57: 383 | L57: 3 | N57: =IFERROR(__xludf.DUMMYFUNCTION("""COMPUTED_VALUE"""),"") | O57: =IFERROR(__xludf.DUMMYFUNCTION("""COMPUTED_VALUE"""),"")
A58: Liu Assoc. South Section 4 | B58: Ishmael | C58: ØØØ | D58: Standard Fare | E58: Burn | F58: 49 | G58: =DATE(2023, 7, 6) -> 45113 | H58: TRUE | I58: =IFERROR(__xludf.DUMMYFUNCTION("""COMPUTED_VALUE"""),"[Liu Assoc. South Section 4] Ishmael") -> [Liu Assoc. South Section 4] Ishmael | J58: 1 | K58: 0 | L58: 3 | M58: Plus Coin Boost | N58: =IFERROR(__xludf.DUMMYFUNCTION("""COMPUTED_VALUE"""),"") | O58: =IFERROR(__xludf.DUMMYFUNCTION("""COMPUTED_VALUE"""),"")
A59: R Corp. 4th Pack Rhino | B59: Meursault | C59: ØØØ | D59: Standard Fare | E59: Charge, Bleed | F59: 34 | G59: =DATE(2023, 7, 13) -> 45120 | H59: FALSE | I59: =IFERROR(__xludf.DUMMYFUNCTION("""COMPUTED_VALUE"""),"") | M59: Aggro | N59: =IFERROR(__xludf.DUMMYFUNCTION("""COMPUTED_VALUE"""),"ØØØ Standard Fare [R Corp. 4th Pack Rhino] Meursault") -> ØØØ Standard Fare [R Corp. 4th Pack Rhino] Meursault | O59: =IFERROR(__xludf.DUMMYFUNCTION("""COMPUTED_VALUE"""),"")
A60: Zwei Assoc. South Section 5 | B60: Rodion | C60: ØØ | D60: Standard Fare | E60: Poise | F60: 53 | G60: =DATE(2023, 7, 13) -> 45120 | H60: TRUE | I60: =IFERROR(__xludf.DUMMYFUNCTION("""COMPUTED_VALUE"""),"[Zwei Assoc. South Section 5] Rodion") -> [Zwei Assoc. South Section 5] Rodion | J60: 1 | K60: 0 | L60: 1 | M60: Aggro, Fragile | N60: =IFERROR(__xludf.DUMMYFUNCTION("""COMPUTED_VALUE"""),"") | O60: =IFERROR(__xludf.DUMMYFUNCTION("""COMPUTED_VALUE"""),"")
A61: Cinq Assoc. South Section 5 Director | B61: Don Quixote | C61: ØØØ | D61: Standard Fare | E61: No Keyword | F61: 25 | G61: =DATE(2023, 7, 20) -> 45127 | H61: FALSE | I61: =IFERROR(__xludf.DUMMYFUNCTION("""COMPUTED_VALUE"""),"") | M61: Haste, Bind | N61: =IFERROR(__xludf.DUMMYFUNCTION("""COMPUTED_VALUE"""),"ØØØ Standard Fare [Cinq Assoc. South Section 5 Director] Don Quixote") -> ØØØ Standard Fare [Cinq Assoc. South Section 5 Director] Don Quixote | O61: =IFERROR(__xludf.DUMMYFUNCTION("""COMPUTED_VALUE"""),"")
A62: Molar Boatworks Fixer | B62: Ishmael | C62: ØØØ | D62: Season, 2, Event | E62: Tremor, Sinking | F62: 50 | G62: =DATE(2023, 7, 27) -> 45134 | H62: TRUE | I62: =IFERROR(__xludf.DUMMYFUNCTION("""COMPUTED_VALUE"""),"[Molar Boatworks Fixer] Ishmael") -> [Molar Boatworks Fixer] Ishmael | J62: 1 | K62: 0 | L62: 3 | M62: Defense Level Down, Fragile, Keyword Protection, Tremor Burst | N62: =IFERROR(__xludf.DUMMYFUNCTION("""COMPUTED_VALUE"""),"") | O62: =IFERROR(__xludf.DUMMYFUNCTION("""COMPUTED_VALUE"""),"") | P62: 1
A63: Molar Boatworks Fixer | B63: Sinclair | C63: ØØ | D63: Season, 2, Event, Reward | E63: Tremor | F63: 60 | G63: =DATE(2023, 7, 27) -> 45134 | H63: FALSE | I63: =IFERROR(__xludf.DUMMYFUNCTION("""COMPUTED_VALUE"""),"") | M63: Keyword Protection, Tremor Burst | N63: =IFERROR(__xludf.DUMMYFUNCTION("""COMPUTED_VALUE"""),"") | O63: =IFERROR(__xludf.DUMMYFUNCTION("""COMPUTED_VALUE"""),"ØØ Season 2 Event Reward [Molar Boatworks Fixer] Sinclair") -> ØØ Season 2 Event Reward [Molar Boatworks Fixer] Sinclair
A64: Zwei Assoc. South Section 4 | B64: Faust | C64: ØØ | D64: Standard Fare | E64: No Keyword | F64: 20 | G64: =DATE(2023, 8, 10) -> 45148 | H64: TRUE | I64: =IFERROR(__xludf.DUMMYFUNCTION("""COMPUTED_VALUE"""),"[Zwei Assoc. South Section 4] Faust") -> [Zwei Assoc. South Section 4] Faust | J64: 22 | K64: 79 | L64: 1 | M64: Aggro, Defense Level Up, Haste | N64: =IFERROR(__xludf.DUMMYFUNCTION("""COMPUTED_VALUE"""),"") | O64: =IFERROR(__xludf.DUMMYFUNCTION("""COMPUTED_VALUE"""),"")
A65: Zwei Assoc. South Section 4 | B65: Gregor | C65: ØØØ | D65: Standard Fare | E65: No Keyword | F65: 71 | G65: =DATE(2023, 8, 10) -> 45148 | H65: FALSE | I65: =IFERROR(__xludf.DUMMYFUNCTION("""COMPUTED_VALUE"""),"") | M65: Defense Level Up, Haste, Aggro, Defense Power Up | N65: =IFERROR(__xludf.DUMMYFUNCTION("""COMPUTED_VALUE"""),"ØØØ Standard Fare [Zwei Assoc. South Section 4] Gregor") -> ØØØ Standard Fare [Zwei Assoc. South Section 4] Gregor | O65: =IFERROR(__xludf.DUMMYFUNCTION("""COMPUTED_VALUE"""),"")
A66: W Corp. L3 Cleanup Agent | B66: Ryoshu | C66: ØØØ | D66: Standard Fare | E66: Charge | F66: 29 | G66: =DATE(2023, 8, 24) -> 45162 | H66: FALSE | I66: =IFERROR(__xludf.DUMMYFUNCTION("""COMPUTED_VALUE"""),"") | M66: Attack Type Fragility, Haste | N66: =IFERROR(__xludf.DUMMYFUNCTION("""COMPUTED_VALUE"""),"ØØØ Standard Fare [W Corp. L3 Cleanup Agent] Ryoshu") -> ØØØ Standard Fare [W Corp. L3 Cleanup Agent] Ryoshu | O66: =IFERROR(__xludf.DUMMYFUNCTION("""COMPUTED_VALUE"""),"")
A67: W Corp. L2 Cleanup Agent | B67: Hong Lu | C67: ØØ | D67: Standard Fare | E67: Charge, Rupture | F67: 37 | G67: =DATE(2023, 8, 24) -> 45162 | H67: TRUE | I67: =IFERROR(__xludf.DUMMYFUNCTION("""COMPUTED_VALUE"""),"[W Corp. L2 Cleanup Agent] Hong Lu") -> [W Corp. L2 Cleanup Agent] Hong Lu | J67: 1 | K67: 0 | L67: 3 | M67: Haste | N67: =IFERROR(__xludf.DUMMYFUNCTION("""COMPUTED_VALUE"""),"") | O67: =IFERROR(__xludf.DUMMYFUNCTION("""COMPUTED_VALUE"""),"")
A68: Seven Assoc. South Section 4 | B68: Faust | C68: ØØØ | D68: Standard Fare | E68: Rupture | F68: 21 | G68: =DATE(2023, 9, 7) -> 45176 | H68: FALSE | I68: =IFERROR(__xludf.DUMMYFUNCTION("""COMPUTED_VALUE"""),"") | M68: Haste, Attack Type DMG/Power Up | N68: =IFERROR(__xludf.DUMMYFUNCTION("""COMPUTED_VALUE"""),"ØØØ Standard Fare [Seven Assoc. South Section 4] Faust") -> ØØØ Standard Fare [Seven Assoc. South Section 4] Faust | O68: =IFERROR(__xludf.DUMMYFUNCTION("""COMPUTED_VALUE"""),"")
A69: Seven Assoc. South Section 4 | B69: Heathcliff | C69: ØØ | D69: Standard Fare | E69: Rupture | F69: 42 | G69: =DATE(2023, 9, 7) -> 45176 | H69: TRUE | I69: =IFERROR(__xludf.DUMMYFUNCTION("""COMPUTED_VALUE"""),"[Seven Assoc. South Section 4] Heathcliff") -> [Seven Assoc. South Section 4] Heathcliff | J69: 1 | K69: 0 | L69: 3 | M69: Defense Level Down | N69: =IFERROR(__xludf.DUMMYFUNCTION("""COMPUTED_VALUE"""),"") | O69: =IFERROR(__xludf.DUMMYFUNCTION("""COMPUTED_VALUE"""),"")
A70: Molar Office Fixer | B70: Yi Sang | C70: ØØ | D70: Season, 2, Event | E70: Tremor | F70: 16 | G70: =DATE(2023, 9, 21) -> 45190 | H70: FALSE | I70: =IFERROR(__xludf.DUMMYFUNCTION("""COMPUTED_VALUE"""),"") | M70: Discard, Defense Level Down, Tremor Burst | N70: =IFERROR(__xludf.DUMMYFUNCTION("""COMPUTED_VALUE"""),"") | O70: =IFERROR(__xludf.DUMMYFUNCTION("""COMPUTED_VALUE"""),"ØØ Season 2 Event [Molar Office Fixer] Yi Sang") -> ØØ Season 2 Event [Molar Office Fixer] Yi Sang
A71: Dieci Assoc. South Section 4 | B71: Rodion | C71: ØØØ | D71: Standard Fare | E71: Sinking | F71: 56 | G71: =DATE(2023, 9, 21) -> 45190 | H71: TRUE | I71: =IFERROR(__xludf.DUMMYFUNCTION("""COMPUTED_VALUE"""),"[Dieci Assoc. South Section 4] Rodion") -> [Dieci Assoc. South Section 4] Rodion | J71: 45 | K71: 31 | L71: 3 | M71: Discard, Aggro, Attack Type DMG/Power Up | N71: =IFERROR(__xludf.DUMMYFUNCTION("""COMPUTED_VALUE"""),"") | O71: =IFERROR(__xludf.DUMMYFUNCTION("""COMPUTED_VALUE"""),"")
A72: Molar Office Fixer | B72: Outis | C72: ØØØ | D72: Season, 2, Event | E72: Tremor | F72: 66 | G72: =DATE(2023, 10, 4) -> 45203 | H72: FALSE | I72: =IFERROR(__xludf.DUMMYFUNCTION("""COMPUTED_VALUE"""),"") | M72: Offense Level Up, Discard, Tremor Burst | N72: =IFERROR(__xludf.DUMMYFUNCTION("""COMPUTED_VALUE"""),"") | O72: =IFERROR(__xludf.DUMMYFUNCTION("""COMPUTED_VALUE"""),"ØØØ Season 2 Event [Molar Office Fixer] Outis") -> ØØØ Season 2 Event [Molar Office Fixer] Outis
A73: Lobotomy E.G.O::Regret | B73: Faust | C73: ØØØ | D73: Walpurgisnaught, 1 | E73: Tremor | F73: 72 | G73: =DATE(2023, 10, 26) -> 45225 | H73: FALSE | I73: =IFERROR(__xludf.DUMMYFUNCTION("""COMPUTED_VALUE"""),"") | M73: Offense Level Down, Plus Coin Drop, Defense Level Down, Bind, Attack Type DMG/Power Up, Tremor Burst | N73: =IFERROR(__xludf.DUMMYFUNCTION("""COMPUTED_VALUE"""),"ØØØ Walpurgisnaught 1 [Lobotomy E.G.O::Regret] Faust") -> ØØØ Walpurgisnaught 1 [Lobotomy E.G.O::Regret] Faust | O73: =IFERROR(__xludf.DUMMYFUNCTION("""COMPUTED_VALUE"""),"")
A74: Hook Office Fixer | B74: Hong Lu | C74: ØØ | D74: Walpurgisnaught, 1 | E74: Bleed | F74: 73 | G74: =DATE(2023, 10, 26) -> 45225 | H74: TRUE | I74: =IFERROR(__xludf.DUMMYFUNCTION("""COMPUTED_VALUE"""),"[Hook Office Fixer] Hong Lu") -> [Hook Office Fixer] Hong Lu | J74: 22 | K74: 574 | L74: 3 | M74: Haste, Attack Power Up | N74: =IFERROR(__xludf.DUMMYFUNCTION("""COMPUTED_VALUE"""),"") | O74: =IFERROR(__xludf.DUMMYFUNCTION("""COMPUTED_VALUE"""),"")
A75: W Corp. L3 Cleanup Agent | B75: Yi Sang | C75: ØØØ | D75: Standard Fare | E75: Charge, Rupture | F75: 74 | G75: =DATE(2023, 11, 9) -> 45239 | H75: TRUE | I75: =IFERROR(__xludf.DUMMYFUNCTION("""COMPUTED_VALUE"""),"[W Corp. L3 Cleanup Agent] Yi Sang") -> [W Corp. L3 Cleanup Agent] Yi Sang | J75: 60 | K75: 0 | L75: 4 | M75: Bind, Dimensional Rift, Haste | N75: =IFERROR(__xludf.DUMMYFUNCTION("""COMPUTED_VALUE"""),"") | O75: =IFERROR(__xludf.DUMMYFUNCTION("""COMPUTED_VALUE"""),"")
A76: Twinhook Pirates First Mate | B76: Gregor | C76: ØØØ | D76: Season, 3 | E76: Poise, Bleed | F76: 75 | G76: =DATE(2023, 11, 16) -> 45246 | H76: FALSE | I76: =IFERROR(__xludf.DUMMYFUNCTION("""COMPUTED_VALUE"""),"") | M76: Ammo, Plus Coin Boost, Attack Type DMG/Power Up | N76: =IFERROR(__xludf.DUMMYFUNCTION("""COMPUTED_VALUE"""),"ØØØ Season 3 [Twinhook Pirates First Mate] Gregor") -> ØØØ Season 3 [Twinhook Pirates First Mate] Gregor | O76: =IFERROR(__xludf.DUMMYFUNCTION("""COMPUTED_VALUE"""),"")
A77: LCCB Assistant Manager | B77: Ryoshu | C77: ØØ | D77: Season, 3 | E77: Poise, Tremor, Rupture | F77: 76 | G77: =DATE(2023, 11, 16) -> 45246 | H77: TRUE | I77: =IFERROR(__xludf.DUMMYFUNCTION("""COMPUTED_VALUE"""),"[LCCB Assistant Manager] Ryoshu") -> [LCCB Assistant Manager] Ryoshu | J77: 1 | K77: 0 | L77: 3 | M77: Offense Level Down, Ammo, Tremor Burst | N77: =IFERROR(__xludf.DUMMYFUNCTION("""COMPUTED_VALUE"""),"") | O77: =IFERROR(__xludf.DUMMYFUNCTION("""COMPUTED_VALUE"""),"")
A78: The Middle Little Sister | B78: Don Quixote | C78: ØØØ | D78: Season, 3 | E78: Bleed | F78: 78 | G78: =DATE(2023, 11, 22) -> 45252 | H78: TRUE | I78: =IFERROR(__xludf.DUMMYFUNCTION("""COMPUTED_VALUE"""),"[The Middle Little Sister] Don Quixote") -> [The Middle Little Sister] Don Quixote | J78: 60 | K78: 0 | L78: 4 | M78: Damage Down, Sin DMG/Power Up, Attack Type DMG/Power Up | N78: =IFERROR(__xludf.DUMMYFUNCTION("""COMPUTED_VALUE"""),"") | O78: =IFERROR(__xludf.DUMMYFUNCTION("""COMPUTED_VALUE"""),"")
A79: The Middle Little Brother | B79: Meursault | C79: ØØ | D79: Season, 3 | E79: Bleed | F79: 77 | G79: =DATE(2023, 11, 23) -> 45253 | H79: TRUE | I79: =IFERROR(__xludf.DUMMYFUNCTION("""COMPUTED_VALUE"""),"[The Middle Little Brother] Meursault") -> [The Middle Little Brother] Meursault | J79: 59 | K79: 8832 | L79: 4 | M79: Sin DMG/Power Up, Plus Coin Drop, Attack Type Fragility | N79: =IFERROR(__xludf.DUMMYFUNCTION("""COMPUTED_VALUE"""),"") | O79: =IFERROR(__xludf.DUMMYFUNCTION("""COMPUTED_VALUE"""),"")
A80: The Pequod Harpooneer | B80: Heathcliff | C80: ØØØ | D80: Season, 3 | E80: Poise, Bleed | F80: 79 | G80: =DATE(2023, 12, 7) -> 45267 | H80: FALSE | I80: =IFERROR(__xludf.DUMMYFUNCTION("""COMPUTED_VALUE"""),"") | M80: Aggro, Defense Level Up, Offense Level Up | N80: =IFERROR(__xludf.DUMMYFUNCTION("""COMPUTED_VALUE"""),"ØØØ Season 3 [The Pequod Harpooneer] Heathcliff") -> ØØØ Season 3 [The Pequod Harpooneer] Heathcliff | O80: =IFERROR(__xludf.DUMMYFUNCTION("""COMPUTED_VALUE"""),"")
A81: The Pequod First Mate | B81: Yi Sang | C81: ØØ | D81: Season, 3 | E81: Poise, Bleed | F81: 80 | G81: =DATE(2023, 12, 7) -> 45267 | H81: TRUE | I81: =IFERROR(__xludf.DUMMYFUNCTION("""COMPUTED_VALUE"""),"[The Pequod First Mate] Yi Sang") -> [The Pequod First Mate] Yi Sang | J81: 27 | K81: 2894 | L81: 3 | M81: Bind | N81: =IFERROR(__xludf.DUMMYFUNCTION("""COMPUTED_VALUE"""),"") | O81: =IFERROR(__xludf.DUMMYFUNCTION("""COMPUTED_VALUE"""),"") | P81: 10
A82: Cinq Assoc. South Section 4 | B82: Outis | C82: ØØ | D82: Standard Fare | E82: Poise | F82: 81 | G82: =DATE(2023, 12, 21) -> 45281 | H82: TRUE | I82: =IFERROR(__xludf.DUMMYFUNCTION("""COMPUTED_VALUE"""),"[Cinq Assoc. South Section 4] Outis") -> [Cinq Assoc. South Section 4] Outis | J82: 4 | K82: 2 | L82: 3 | M82: Haste, Aggro, Bind | N82: =IFERROR(__xludf.DUMMYFUNCTION("""COMPUTED_VALUE"""),"") | O82: =IFERROR(__xludf.DUMMYFUNCTION("""COMPUTED_VALUE"""),"")
A83: Cinq Assoc.South Section 4 Director | B83: Sinclair | C83: ØØØ | D83: Standard Fare | E83: Poise | F83: 82 | G83: =DATE(2023, 12, 21) -> 45281 | H83: FALSE | I83: =IFERROR(__xludf.DUMMYFUNCTION("""COMPUTED_VALUE"""),"") | M83: Haste, Fragile, Attack Type DMG/Power Up | N83: =IFERROR(__xludf.DUMMYFUNCTION("""COMPUTED_VALUE"""),"ØØØ Standard Fare [Cinq Assoc.South Section 4 Director] Sinclair") -> ØØØ Standard Fare [Cinq Assoc.South Section 4 Director] Sinclair | O83: =IFERROR(__xludf.DUMMYFUNCTION("""COMPUTED_VALUE"""),"")
A84: Lobotomy E.G.O::Lantern | B84: Don Quixote | C84: ØØ | D84: Walpurgisnaught, 2 | E84: Rupture | F84: 83 | G84: =DATE(2024, 1, 11) -> 45302 | H84: TRUE | I84: =IFERROR(__xludf.DUMMYFUNCTION("""COMPUTED_VALUE"""),"[Lobotomy E.G.O::Lantern] Don Quixote") -> [Lobotomy E.G.O::Lantern] Don Quixote | J84: 34 | K84: 3507 | L84: 3 | M84: Aggro | N84: =IFERROR(__xludf.DUMMYFUNCTION("""COMPUTED_VALUE"""),"") | O84: =IFERROR(__xludf.DUMMYFUNCTION("""COMPUTED_VALUE"""),"")
A85: Lobotomy E.G.O::Magic Bullet | B85: Outis | C85: ØØØ | D85: Walpurgisnaught, 2 | E85: Burn | F85: 84 | G85: =DATE(2024, 1, 11) -> 45302 | H85: FALSE | I85: =IFERROR(__xludf.DUMMYFUNCTION("""COMPUTED_VALUE"""),"") | M85: Ammo | N85: =IFERROR(__xludf.DUMMYFUNCTION("""COMPUTED_VALUE"""),"ØØØ Walpurgisnaught 2 [Lobotomy E.G.O::Magic Bullet] Outis") -> ØØØ Walpurgisnaught 2 [Lobotomy E.G.O::Magic Bullet] Outis | O85: =IFERROR(__xludf.DUMMYFUNCTION("""COMPUTED_VALUE"""),"")
A86: Dieci Assoc. South Section 4 | B86: Yi Sang | C86: ØØ | D86: Standard Fare | E86: Sinking | F86: 85 | G86: =DATE(2024, 1, 25) -> 45316 | H86: TRUE | I86: =IFERROR(__xludf.DUMMYFUNCTION("""COMPUTED_VALUE"""),"[Dieci Assoc. South Section 4] Yi Sang") -> [Dieci Assoc. South Section 4] Yi Sang | J86: 1 | K86: 0 | L86: 1 | M86: Discard, Aggro | N86: =IFERROR(__xludf.DUMMYFUNCTION("""COMPUTED_VALUE"""),"") | O86: =IFERROR(__xludf.DUMMYFUNCTION("""COMPUTED_VALUE"""),"")
A87: Dieci Assoc. South Section 4 | B87: Hong Lu | C87: ØØØ | D87: Standard Fare | E87: Sinking | F87: 86 | G87: =DATE(2024, 1, 25) -> 45316 | H87: FALSE | I87: =IFERROR(__xludf.DUMMYFUNCTION("""COMPUTED_VALUE"""),"") | M87: Discard, Damage Up | N87: =IFERROR(__xludf.DUMMYFUNCTION("""COMPUTED_VALUE"""),"ØØØ Standard Fare [Dieci Assoc. South Section 4] Hong Lu") -> ØØØ Standard Fare [Dieci Assoc. South Section 4] Hong Lu | O87: =IFERROR(__xludf.DUMMYFUNCTION("""COMPUTED_VALUE"""),"")
A88: The Pequod Captain | B88: Ishmael | C88: ØØØ | D88: Season, 3 | E88: Bleed, Burn, Poise | F88: 87 | G88: =DATE(2024, 2, 8) -> 45330 | H88: FALSE | I88: =IFERROR(__xludf.DUMMYFUNCTION("""COMPUTED_VALUE"""),"") | M88: Defense Level Up, Aggro, Protection, Offense Level Up, Assist Attack, Damage Up, Sin DMG/Power Up, Attack Type DMG/Power Up | N88: =IFERROR(__xludf.DUMMYFUNCTION("""COMPUTED_VALUE"""),"ØØØ Season 3 [The Pequod Captain] Ishmael") -> ØØØ Season 3 [The Pequod Captain] Ishmael | O88: =IFERROR(__xludf.DUMMYFUNCTION("""COMPUTED_VALUE"""),"")
A89: Blade Lineage Mentor | B89: Meursault | C89: ØØØ | D89: Season, 3, Event | E89: Poise | F89: 88 | G89: =DATE(2024, 2, 22) -> 45344 | H89: TRUE | I89: =IFERROR(__xludf.DUMMYFUNCTION("""COMPUTED_VALUE"""),"[Blade Lineage Mentor] Meursault") -> [Blade Lineage Mentor] Meursault | J89: 60 | K89: 0 | L89: 4 | M89: Attack Type DMG/Power Up, Aggro, Paralyze | N89: =IFERROR(__xludf.DUMMYFUNCTION("""COMPUTED_VALUE"""),"") | O89: =IFERROR(__xludf.DUMMYFUNCTION("""COMPUTED_VALUE"""),"") | P89: 9
A90: Blade Lineage Salsu | B90: Faust | C90: ØØØ | D90: Season, 3, Event | E90: Poise | F90: 89 | G90: =DATE(2024, 2, 22) -> 45344 | H90: TRUE | I90: =IFERROR(__xludf.DUMMYFUNCTION("""COMPUTED_VALUE"""),"[Blade Lineage Salsu] Faust") -> [Blade Lineage Salsu] Faust | J90: 60 | K90: 0 | L90: 4 | M90: Bind, Attack Type Fragility, Defense Level Down | N90: =IFERROR(__xludf.DUMMYFUNCTION("""COMPUTED_VALUE"""),"") | O90: =IFERROR(__xludf.DUMMYFUNCTION("""COMPUTED_VALUE"""),"")
A91: Blade Lineage Salsu | B91: Don Quixote | C91: ØØ | D91: Season, 3, Event, Reward | E91: Poise | F91: 90 | G91: =DATE(2024, 2, 22) -> 45344 | H91: TRUE | I91: =IFERROR(__xludf.DUMMYFUNCTION("""COMPUTED_VALUE"""),"[Blade Lineage Salsu] Don Quixote") -> [Blade Lineage Salsu] Don Quixote | J91: 7 | K91: 38 | L91: 3 | M91: Attack Type DMG/Power Up | N91: =IFERROR(__xludf.DUMMYFUNCTION("""COMPUTED_VALUE"""),"") | O91: =IFERROR(__xludf.DUMMYFUNCTION("""COMPUTED_VALUE"""),"")
A92: Kurokumo Clan Captain | B92: Gregor | C92: ØØ | D92: Season, 3, Event | E92: Bleed | F92: 91 | G92: =DATE(2024, 2, 22) -> 45344 | H92: FALSE | I92: =IFERROR(__xludf.DUMMYFUNCTION("""COMPUTED_VALUE"""),"") | M92: Offense Level Down, Attack Power Down, Plus Coin Drop | N92: =IFERROR(__xludf.DUMMYFUNCTION("""COMPUTED_VALUE"""),"") | O92: =IFERROR(__xludf.DUMMYFUNCTION("""COMPUTED_VALUE"""),"ØØ Season 3 Event [Kurokumo Clan Captain] Gregor") -> ØØ Season 3 Event [Kurokumo Clan Captain] Gregor
A93: Liu Assoc. South Section 4 | B93: Ryoshu | C93: ØØ | D93: Standard Fare | E93: Burn | F93: 92 | G93: =DATE(2024, 3, 7) -> 45358 | H93: TRUE | I93: =IFERROR(__xludf.DUMMYFUNCTION("""COMPUTED_VALUE"""),"[Liu Assoc. South Section 4] Ryoshu") -> [Liu Assoc. South Section 4] Ryoshu | J93: 28 | K93: 899 | L93: 3 | N93: =IFERROR(__xludf.DUMMYFUNCTION("""COMPUTED_VALUE"""),"") | O93: =IFERROR(__xludf.DUMMYFUNCTION("""COMPUTED_VALUE"""),"")
A94: Liu Assoc. South Section 4 Director | B94: Rodion | C94: ØØØ | D94: Standard Fare | E94: Burn | F94: 93 | G94: =DATE(2024, 3, 7) -> 45358 | H94: TRUE | I94: =IFERROR(__xludf.DUMMYFUNCTION("""COMPUTED_VALUE"""),"[Liu Assoc. South Section 4 Director] Rodion") -> [Liu Assoc. South Section 4 Director] Rodion | J94: 1 | K94: 0 | L94: 3 | M94: Sin DMG/Power Up, Attack Power Up | N94: =IFERROR(__xludf.DUMMYFUNCTION("""COMPUTED_VALUE"""),"") | O94: =IFERROR(__xludf.DUMMYFUNCTION("""COMPUTED_VALUE"""),"")
A95: Öufi South Section 3 | B95: Heathcliff | C95: ØØØ | D95: Standard Fare | E95: Tremor | F95: 94 | G95: =DATE(2024, 3, 21) -> 45372 | H95: FALSE | I95: =IFERROR(__xludf.DUMMYFUNCTION("""COMPUTED_VALUE"""),"") | M95: Amplitude Conversion, Tremor - Decay, Tremor Burst | N95: =IFERROR(__xludf.DUMMYFUNCTION("""COMPUTED_VALUE"""),"ØØØ Standard Fare [Öufi South Section 3] Heathcliff") -> ØØØ Standard Fare [Öufi South Section 3] Heathcliff | O95: =IFERROR(__xludf.DUMMYFUNCTION("""COMPUTED_VALUE"""),"")
A96: Wuthering Heights Chief Butler | B96: Outis | C96: ØØØ | D96: Season, 4 | E96: Sinking | F96: 95 | G96: =DATE(2024, 3, 28) -> 45379 | H96: TRUE | I96: =IFERROR(__xludf.DUMMYFUNCTION("""COMPUTED_VALUE"""),"[Wuthering Heights Chief Butler] Outis") -> [Wuthering Heights Chief Butler] Outis | J96: 60 | K96: 0 | L96: 4 | M96: Offense Level Up | N96: =IFERROR(__xludf.DUMMYFUNCTION("""COMPUTED_VALUE"""),"") | O96: =IFERROR(__xludf.DUMMYFUNCTION("""COMPUTED_VALUE"""),"")
A97: Dead Rabbits Boss | B97: Meursault | C97: ØØ | D97: Season, 4 | E97: Rupture | F97: 96 | G97: =DATE(2024, 3, 28) -> 45379 | H97: TRUE | I97: =IFERROR(__xludf.DUMMYFUNCTION("""COMPUTED_VALUE"""),"[Dead Rabbits Boss] Meursault") -> [Dead Rabbits Boss] Meursault | J97: 1 | K97: 0 | L97: 1 | M97: Offense Level Down | N97: =IFERROR(__xludf.DUMMYFUNCTION("""COMPUTED_VALUE"""),"") | O97: =IFERROR(__xludf.DUMMYFUNCTION("""COMPUTED_VALUE"""),"")
A98: Wuthering Heights Butler | B98: Faust | C98: ØØ | D98: Season, 4 | E98: Sinking | F98: 97 | G98: =DATE(2024, 4, 4) -> 45386 | H98: TRUE | I98: =IFERROR(__xludf.DUMMYFUNCTION("""COMPUTED_VALUE"""),"[Wuthering Heights Butler] Faust") -> [Wuthering Heights Butler] Faust | J98: 7 | K98: 8 | L98: 3 | N98: =IFERROR(__xludf.DUMMYFUNCTION("""COMPUTED_VALUE"""),"") | O98: =IFERROR(__xludf.DUMMYFUNCTION("""COMPUTED_VALUE"""),"") | P98: 8
A99: Edgar Family Heir | B99: Gregor | C99: ØØØ | D99: Season, 4 | E99: Sinking | F99: 98 | G99: =DATE(2024, 4, 4) -> 45386 | H99: FALSE | I99: =IFERROR(__xludf.DUMMYFUNCTION("""COMPUTED_VALUE"""),"") | M99: Haste, Plus Coin Boost, Damage Up, Fragile, Sin DMG/Power Up | N99: =IFERROR(__xludf.DUMMYFUNCTION("""COMPUTED_VALUE"""),"ØØØ Season 4 [Edgar Family Heir] Gregor") -> ØØØ Season 4 [Edgar Family Heir] Gregor | O99: =IFERROR(__xludf.DUMMYFUNCTION("""COMPUTED_VALUE"""),"") | Q99: 18
A100: Edgar Family Butler | B100: Ishmael | C100: ØØ | D100: Season, 4 | E100: Poise, Sinking | F100: 99 | G100: =DATE(2024, 4, 18) -> 45400 | H100: TRUE | I100: =IFERROR(__xludf.DUMMYFUNCTION("""COMPUTED_VALUE"""),"[Edgar Family Butler] Ishmael") -> [Edgar Family Butler] Ishmael | J100: 1 | K100: 0 | L100: 3 | M100: Haste, Bind, Defense Level Down, Attack Type Fragility | N100: =IFERROR(__xludf.DUMMYFUNCTION("""COMPUTED_VALUE"""),"") | O100: =IFERROR(__xludf.DUMMYFUNCTION("""COMPUTED_VALUE"""),"")
...

Sheet EGO Tier
A1: ID Name | B1: Sinner | C1: Sin | D1: EGO Tier | E1: Season | F1: Keyword | G1: Internal ID | H1: Release Date | I1: Acquisition | J1: =IFERROR(__xludf.DUMMYFUNCTION("{""EGO Name""; ARRAYFORMULA(LET(fullname, {""["" & A2:A999 & ""] "" & B2:B999}, condition, IF(REGEXMATCH(fullname, ""\[\] ""), """", fullname), IF(I2:I999, condition, """")))}"),"EGO Name") -> EGO Name | K1: Threadspin | L1: Extra Keyword | M1: =IFERROR(__xludf.DUMMYFUNCTION("{""Extraction List""; ARRAYFORMULA( LET( cleanD, SUBSTITUTE(E2:E999, "","", """"), fullname, D2:D999 & "" "" & cleanD & "" "" & ""["" & A2:A999 & ""] "" & B2:B999, condition, IF(NOT(REGEXMATCH(E2:E999 & """", ""BP|Event|Bokgak"")), fullnam"&"e, """"), IF((I2:I999) + (condition = ""[] "") + (A2:A999 = """"), """", condition) ) )}"),"Extraction List") -> Extraction List | N1: =IFERROR(__xludf.DUMMYFUNCTION("{""Extraction List""; ARRAYFORMULA( LET( cleanD, SUBSTITUTE(E2:E999, "","", """"), fullname, D2:D999 & "" "" & cleanD & "" "" & ""["" & A2:A999 & ""] "" & B2:B999, condition, IF(REGEXMATCH(E2:E999 & """", ""BP|Event""), fullname, """"), "&" IF((I2:I999) + (condition = ""[] "") + (A2:A999 = """"), """", condition) ) )}"),"Extraction List") -> Extraction List | O1: Threadspin | P1: Shard
A2: Crow’s Eye View | B2: Yi Sang | C2: Sloth | D2: ZAYIN | E2: Standard Fare | G2: 1 | H2: =DATE(2023, 2, 27) -> 44984 | I2: TRUE | J2: =IFERROR(__xludf.DUMMYFUNCTION("""COMPUTED_VALUE"""),"[Crow’s Eye View] Yi Sang") -> [Crow’s Eye View] Yi Sang | K2: 3 | L2: Attack Power Down, Haste, Bind, Weak-resist DMG Boost | M2: =IFERROR(__xludf.DUMMYFUNCTION("""COMPUTED_VALUE"""),"") | N2: =IFERROR(__xludf.DUMMYFUNCTION("""COMPUTED_VALUE"""),"")
A3: Representation Emitter | B3: Faust | C3: Pride | D3: ZAYIN | E3: Standard Fare | G3: 2 | H3: =DATE(2023, 2, 27) -> 44984 | I3: TRUE | J3: =IFERROR(__xludf.DUMMYFUNCTION("""COMPUTED_VALUE"""),"[Representation Emitter] Faust") -> [Representation Emitter] Faust | K3: 3 | L3: SP Healing Efficiency | M3: =IFERROR(__xludf.DUMMYFUNCTION("""COMPUTED_VALUE"""),"") | N3: =IFERROR(__xludf.DUMMYFUNCTION("""COMPUTED_VALUE"""),"")
A4: La Sangre de Sancho | B4: Don Quixote | C4: Lust | D4: ZAYIN | E4: Standard Fare | F4: Bleed | G4: 3 | H4: =DATE(2023, 2, 27) -> 44984 | I4: TRUE | J4: =IFERROR(__xludf.DUMMYFUNCTION("""COMPUTED_VALUE"""),"[La Sangre de Sancho] Don Quixote") -> [La Sangre de Sancho] Don Quixote | K4: 3 | M4: =IFERROR(__xludf.DUMMYFUNCTION("""COMPUTED_VALUE"""),"") | N4: =IFERROR(__xludf.DUMMYFUNCTION("""COMPUTED_VALUE"""),"")
A5: Forest for the Flames | B5: Ryoshu | C5: Lust | D5: ZAYIN | E5: Standard Fare | F5: Burn | G5: 4 | H5: =DATE(2023, 2, 27) -> 44984 | I5: TRUE | J5: =IFERROR(__xludf.DUMMYFUNCTION("""COMPUTED_VALUE"""),"[Forest for the Flames] Ryoshu") -> [Forest for the Flames] Ryoshu | K5: 4 | L5: Fragile | M5: =IFERROR(__xludf.DUMMYFUNCTION("""COMPUTED_VALUE"""),"") | N5: =IFERROR(__xludf.DUMMYFUNCTION("""COMPUTED_VALUE"""),"")
A6: Chains of Others | B6: Meursault | C6: Pride | D6: ZAYIN | E6: Standard Fare | G6: 5 | H6: =DATE(2023, 2, 27) -> 44984 | I6: TRUE | J6: =IFERROR(__xludf.DUMMYFUNCTION("""COMPUTED_VALUE"""),"[Chains of Others] Meursault") -> [Chains of Others] Meursault | K6: 3 | L6: Bind, Attack Power Up, Protection | M6: =IFERROR(__xludf.DUMMYFUNCTION("""COMPUTED_VALUE"""),"") | N6: =IFERROR(__xludf.DUMMYFUNCTION("""COMPUTED_VALUE"""),"")
A7: Land of Illusion | B7: Hong Lu | C7: Gloom | D7: ZAYIN | E7: Standard Fare | F7: Sinking | G7: 6 | H7: =DATE(2023, 2, 27) -> 44984 | I7: TRUE | J7: =IFERROR(__xludf.DUMMYFUNCTION("""COMPUTED_VALUE"""),"[Land of Illusion] Hong Lu") -> [Land of Illusion] Hong Lu | K7: 3 | L7: SP Loss Efficiency | M7: =IFERROR(__xludf.DUMMYFUNCTION("""COMPUTED_VALUE"""),"") | N7: =IFERROR(__xludf.DUMMYFUNCTION("""COMPUTED_VALUE"""),"")
A8: Bodysack | B8: Heathcliff | C8: Envy | D8: ZAYIN | E8: Standard Fare | G8: 7 | H8: =DATE(2023, 2, 27) -> 44984 | I8: TRUE | J8: =IFERROR(__xludf.DUMMYFUNCTION("""COMPUTED_VALUE"""),"[Bodysack] Heathcliff") -> [Bodysack] Heathcliff | K8: 3 | L8: Attack Power Up, Haste | M8: =IFERROR(__xludf.DUMMYFUNCTION("""COMPUTED_VALUE"""),"") | N8: =IFERROR(__xludf.DUMMYFUNCTION("""COMPUTED_VALUE"""),"")
A9: Snagharpoon | B9: Ishmael | C9: Gloom | D9: ZAYIN | E9: Standard Fare | F9: Tremor | G9: 8 | H9: =DATE(2023, 2, 27) -> 44984 | I9: TRUE | J9: =IFERROR(__xludf.DUMMYFUNCTION("""COMPUTED_VALUE"""),"[Snagharpoon] Ishmael") -> [Snagharpoon] Ishmael | K9: 3 | L9: Bind, Tremor Burst | M9: =IFERROR(__xludf.DUMMYFUNCTION("""COMPUTED_VALUE"""),"") | N9: =IFERROR(__xludf.DUMMYFUNCTION("""COMPUTED_VALUE"""),"")
A10: What is Cast | B10: Rodion | C10: Pride | D10: ZAYIN | E10: Standard Fare | F10: Bleed | G10: 9 | H10: =DATE(2023, 2, 27) -> 44984 | I10: TRUE | J10: =IFERROR(__xludf.DUMMYFUNCTION("""COMPUTED_VALUE"""),"[What is Cast] Rodion") -> [What is Cast] Rodion | K10: 3 | L10: SP Healing Efficiency, SP Loss Efficiency | M10: =IFERROR(__xludf.DUMMYFUNCTION("""COMPUTED_VALUE"""),"") | N10: =IFERROR(__xludf.DUMMYFUNCTION("""COMPUTED_VALUE"""),"")
A11: Branch of Knowledge | B11: Sinclair | C11: Gluttony | D11: ZAYIN | E11: Standard Fare | F11: Rupture | G11: 10 | H11: =DATE(2023, 2, 27) -> 44984 | I11: TRUE | J11: =IFERROR(__xludf.DUMMYFUNCTION("""COMPUTED_VALUE"""),"[Branch of Knowledge] Sinclair") -> [Branch of Knowledge] Sinclair | K11: 3 | L11: Attack Power Up, Protection, Damage Up | M11: =IFERROR(__xludf.DUMMYFUNCTION("""COMPUTED_VALUE"""),"") | N11: =IFERROR(__xludf.DUMMYFUNCTION("""COMPUTED_VALUE"""),"")
A12: To Páthos Máthos | B12: Outis | C12: Pride | D12: ZAYIN | E12: Standard Fare | F12: Rupture | G12: 11 | H12: =DATE(2023, 2, 27) -> 44984 | I12: TRUE | J12: =IFERROR(__xludf.DUMMYFUNCTION("""COMPUTED_VALUE"""),"[To Páthos Máthos] Outis") -> [To Páthos Máthos] Outis | K12: 3 | L12: Attack Power Up, Damage Up | M12: =IFERROR(__xludf.DUMMYFUNCTION("""COMPUTED_VALUE"""),"") | N12: =IFERROR(__xludf.DUMMYFUNCTION("""COMPUTED_VALUE"""),"")
A13: Suddenly, One Day | B13: Gregor | C13: Sloth | D13: ZAYIN | E13: Standard Fare | F13: Burn, Bleed, Tremor, Rupture, Sinking | G13: 12 | H13: =DATE(2023, 2, 27) -> 44984 | I13: TRUE | J13: =IFERROR(__xludf.DUMMYFUNCTION("""COMPUTED_VALUE"""),"[Suddenly, One Day] Gregor") -> [Suddenly, One Day] Gregor | K13: 3 | L13: Protection, SP Loss Efficiency | M13: =IFERROR(__xludf.DUMMYFUNCTION("""COMPUTED_VALUE"""),"") | N13: =IFERROR(__xludf.DUMMYFUNCTION("""COMPUTED_VALUE"""),"")
A14: 4th Match Flame | B14: Yi Sang | C14: Wrath | D14: TETH | E14: Season, 1, BP | F14: Burn | G14: 13 | H14: =DATE(2023, 2, 27) -> 44984 | I14: FALSE | J14: =IFERROR(__xludf.DUMMYFUNCTION("""COMPUTED_VALUE"""),"") | M14: =IFERROR(__xludf.DUMMYFUNCTION("""COMPUTED_VALUE"""),"") | N14: =IFERROR(__xludf.DUMMYFUNCTION("""COMPUTED_VALUE"""),"TETH Season 1 BP [4th Match Flame] Yi Sang") -> TETH Season 1 BP [4th Match Flame] Yi Sang
A15: Wishing Cairn | B15: Yi Sang | C15: Sloth | D15: TETH | E15: Standard Fare | G15: 14 | H15: =DATE(2023, 2, 27) -> 44984 | I15: TRUE | J15: =IFERROR(__xludf.DUMMYFUNCTION("""COMPUTED_VALUE"""),"[Wishing Cairn] Yi Sang") -> [Wishing Cairn] Yi Sang | K15: 3 | L15: Sin Fragility, Paralyze, Bind, Attack Type Protection, Sin Protection | M15: =IFERROR(__xludf.DUMMYFUNCTION("""COMPUTED_VALUE"""),"") | N15: =IFERROR(__xludf.DUMMYFUNCTION("""COMPUTED_VALUE"""),"")
A16: Fluid Sac | B16: Faust | C16: Gloom | D16: HE | E16: Season, 1, BP | G16: 17 | H16: =DATE(2023, 2, 27) -> 44984 | I16: TRUE | J16: =IFERROR(__xludf.DUMMYFUNCTION("""COMPUTED_VALUE"""),"[Fluid Sac] Faust") -> [Fluid Sac] Faust | K16: 3 | L16: Attack Power Down, Protection | M16: =IFERROR(__xludf.DUMMYFUNCTION("""COMPUTED_VALUE"""),"") | N16: =IFERROR(__xludf.DUMMYFUNCTION("""COMPUTED_VALUE"""),"")
A17: Hex Nail | B17: Faust | C17: Envy | D17: TETH | E17: Standard Fare | G17: 18 | H17: =DATE(2023, 2, 27) -> 44984 | I17: FALSE | J17: =IFERROR(__xludf.DUMMYFUNCTION("""COMPUTED_VALUE"""),"") | L17: Attack Type Fragility, Sin Fragility, Nail, Curse | M17: =IFERROR(__xludf.DUMMYFUNCTION("""COMPUTED_VALUE"""),"TETH Standard Fare [Hex Nail] Faust") -> TETH Standard Fare [Hex Nail] Faust | N17: =IFERROR(__xludf.DUMMYFUNCTION("""COMPUTED_VALUE"""),"")
A18: Fluid Sac | B18: Don Quixote | C18: Gloom | D18: HE | E18: Season, 1, BP | F18: Tremor, Sinking | G18: 20 | H18: =DATE(2023, 2, 27) -> 44984 | I18: FALSE | J18: =IFERROR(__xludf.DUMMYFUNCTION("""COMPUTED_VALUE"""),"") | L18: Tremor Burst | M18: =IFERROR(__xludf.DUMMYFUNCTION("""COMPUTED_VALUE"""),"") | N18: =IFERROR(__xludf.DUMMYFUNCTION("""COMPUTED_VALUE"""),"HE Season 1 BP [Fluid Sac] Don Quixote") -> HE Season 1 BP [Fluid Sac] Don Quixote
A19: 4th Match Flame | B19: Ryoshu | C19: Wrath | D19: HE | E19: Season, 1, BP | F19: Burn | G19: 23 | H19: =DATE(2023, 2, 27) -> 44984 | I19: FALSE | J19: =IFERROR(__xludf.DUMMYFUNCTION("""COMPUTED_VALUE"""),"") | L19: Attack Power Up, Unbreakable Coin | M19: =IFERROR(__xludf.DUMMYFUNCTION("""COMPUTED_VALUE"""),"") | N19: =IFERROR(__xludf.DUMMYFUNCTION("""COMPUTED_VALUE"""),"HE Season 1 BP [4th Match Flame] Ryoshu") -> HE Season 1 BP [4th Match Flame] Ryoshu
A20: Screwloose Wallop | B20: Meursault | C20: Envy | D20: TETH | E20: Season, 1, BP | G20: 27 | H20: =DATE(2023, 2, 27) -> 44984 | I20: FALSE | J20: =IFERROR(__xludf.DUMMYFUNCTION("""COMPUTED_VALUE"""),"") | L20: Protection, Paralyze, Attack Power Up, Defense Power Up, Haste | M20: =IFERROR(__xludf.DUMMYFUNCTION("""COMPUTED_VALUE"""),"") | N20: =IFERROR(__xludf.DUMMYFUNCTION("""COMPUTED_VALUE"""),"TETH Season 1 BP [Screwloose Wallop] Meursault") -> TETH Season 1 BP [Screwloose Wallop] Meursault
A21: Pursuance | B21: Meursault | C21: Sloth | D21: HE | E21: Standard Fare | G21: 28 | H21: =DATE(2023, 2, 27) -> 44984 | I21: FALSE | J21: =IFERROR(__xludf.DUMMYFUNCTION("""COMPUTED_VALUE"""),"") | L21: Protection, Fragile, Damage Up, Attack Power Up, Defense Power Up, Tremor Burst | M21: =IFERROR(__xludf.DUMMYFUNCTION("""COMPUTED_VALUE"""),"HE Standard Fare [Pursuance] Meursault") -> HE Standard Fare [Pursuance] Meursault | N21: =IFERROR(__xludf.DUMMYFUNCTION("""COMPUTED_VALUE"""),"")
A22: Roseate Desire | B22: Hong Lu | C22: Lust | D22: TETH | E22: Season, 1, BP | G22: 30 | H22: =DATE(2023, 2, 27) -> 44984 | I22: FALSE | J22: =IFERROR(__xludf.DUMMYFUNCTION("""COMPUTED_VALUE"""),"") | L22: Defense Power Down, Defense Level Down, Bind, Sin Fragility | M22: =IFERROR(__xludf.DUMMYFUNCTION("""COMPUTED_VALUE"""),"") | N22: =IFERROR(__xludf.DUMMYFUNCTION("""COMPUTED_VALUE"""),"TETH Season 1 BP [Roseate Desire] Hong Lu") -> TETH Season 1 BP [Roseate Desire] Hong Lu
A23: Telepole | B23: Heathcliff | C23: Envy | D23: HE | E23: Season, 1, BP | F23: Charge | G23: 33 | H23: =DATE(2023, 2, 27) -> 44984 | I23: FALSE | J23: =IFERROR(__xludf.DUMMYFUNCTION("""COMPUTED_VALUE"""),"") | L23: Fragile | M23: =IFERROR(__xludf.DUMMYFUNCTION("""COMPUTED_VALUE"""),"") | N23: =IFERROR(__xludf.DUMMYFUNCTION("""COMPUTED_VALUE"""),"HE Season 1 BP [Telepole] Heathcliff") -> HE Season 1 BP [Telepole] Heathcliff
A24: Roseate Desire | B24: Ishmael | C24: Lust | D24: TETH | E24: Season, 1, BP | G24: 36 | H24: =DATE(2023, 2, 27) -> 44984 | I24: FALSE | J24: =IFERROR(__xludf.DUMMYFUNCTION("""COMPUTED_VALUE"""),"") | L24: Offense Level Down, Paralyze, Bind | M24: =IFERROR(__xludf.DUMMYFUNCTION("""COMPUTED_VALUE"""),"") | N24: =IFERROR(__xludf.DUMMYFUNCTION("""COMPUTED_VALUE"""),"TETH Season 1 BP [Roseate Desire] Ishmael") -> TETH Season 1 BP [Roseate Desire] Ishmael
A25: Ardor Blossom Star | B25: Ishmael | C25: Wrath | D25: HE | E25: Standard Fare | F25: Burn | G25: 37 | H25: =DATE(2023, 2, 27) -> 44984 | I25: TRUE | J25: =IFERROR(__xludf.DUMMYFUNCTION("""COMPUTED_VALUE"""),"[Ardor Blossom Star] Ishmael") -> [Ardor Blossom Star] Ishmael | K25: 3 | M25: =IFERROR(__xludf.DUMMYFUNCTION("""COMPUTED_VALUE"""),"") | N25: =IFERROR(__xludf.DUMMYFUNCTION("""COMPUTED_VALUE"""),"")
A26: 4th Match Flame | B26: Rodion | C26: Wrath | D26: HE | E26: Season, 1, BP | F26: Burn | G26: 39 | H26: =DATE(2023, 2, 27) -> 44984 | I26: FALSE | J26: =IFERROR(__xludf.DUMMYFUNCTION("""COMPUTED_VALUE"""),"") | L26: Sin Fragility | M26: =IFERROR(__xludf.DUMMYFUNCTION("""COMPUTED_VALUE"""),"") | N26: =IFERROR(__xludf.DUMMYFUNCTION("""COMPUTED_VALUE"""),"HE Season 1 BP [4th Match Flame] Rodion") -> HE Season 1 BP [4th Match Flame] Rodion
A27: Rime Shank | B27: Rodion | C27: Gloom | D27: TETH | E27: Season, 1, BP | F27: Sinking | G27: 40 | H27: =DATE(2023, 2, 27) -> 44984 | I27: TRUE | J27: =IFERROR(__xludf.DUMMYFUNCTION("""COMPUTED_VALUE"""),"[Rime Shank] Rodion") -> [Rime Shank] Rodion | K27: 3 | L27: Bind, Attack Power Down, Tremor Burst | M27: =IFERROR(__xludf.DUMMYFUNCTION("""COMPUTED_VALUE"""),"") | N27: =IFERROR(__xludf.DUMMYFUNCTION("""COMPUTED_VALUE"""),"") | O27: 6
A28: Impending Day | B28: Sinclair | C28: Wrath | D28: TETH | E28: Season, 1, BP | F28: Bleed | G28: 41 | H28: =DATE(2023, 2, 27) -> 44984 | I28: FALSE | J28: =IFERROR(__xludf.DUMMYFUNCTION("""COMPUTED_VALUE"""),"") | L28: Attack Power Up | M28: =IFERROR(__xludf.DUMMYFUNCTION("""COMPUTED_VALUE"""),"") | N28: =IFERROR(__xludf.DUMMYFUNCTION("""COMPUTED_VALUE"""),"TETH Season 1 BP [Impending Day] Sinclair") -> TETH Season 1 BP [Impending Day] Sinclair
A29: Ebony Stem | B29: Outis | C29: Gluttony | D29: HE | E29: Season, 1, BP | F29: Rupture, Bleed | G29: 44 | H29: =DATE(2023, 2, 27) -> 44984 | I29: FALSE | J29: =IFERROR(__xludf.DUMMYFUNCTION("""COMPUTED_VALUE"""),"") | L29: Sin Fragility, Attack Type DMG/Power Up, Bind | M29: =IFERROR(__xludf.DUMMYFUNCTION("""COMPUTED_VALUE"""),"") | N29: =IFERROR(__xludf.DUMMYFUNCTION("""COMPUTED_VALUE"""),"HE Season 1 BP [Ebony Stem] Outis") -> HE Season 1 BP [Ebony Stem] Outis
A30: Ya Śūnyatā Tad Rūpam | B30: Outis | C30: Lust | D30: TETH | E30: Standard Fare | G30: 45 | H30: =DATE(2023, 2, 27) -> 44984 | I30: TRUE | J30: =IFERROR(__xludf.DUMMYFUNCTION("""COMPUTED_VALUE"""),"[Ya Śūnyatā Tad Rūpam] Outis") -> [Ya Śūnyatā Tad Rūpam] Outis | K30: 3 | L30: Attack Power Up, Sin Fragility, Fragile, Sin DMG/Power Up | M30: =IFERROR(__xludf.DUMMYFUNCTION("""COMPUTED_VALUE"""),"") | N30: =IFERROR(__xludf.DUMMYFUNCTION("""COMPUTED_VALUE"""),"")
A31: Legerdemain | B31: Gregor | C31: Gluttony | D31: ZAYIN | E31: Season, 1, BP | F31: Tremor, Bleed | G31: 47 | H31: =DATE(2023, 2, 27) -> 44984 | I31: FALSE | J31: =IFERROR(__xludf.DUMMYFUNCTION("""COMPUTED_VALUE"""),"") | L31: Paralyze, Tremor Burst | M31: =IFERROR(__xludf.DUMMYFUNCTION("""COMPUTED_VALUE"""),"") | N31: =IFERROR(__xludf.DUMMYFUNCTION("""COMPUTED_VALUE"""),"ZAYIN Season 1 BP [Legerdemain] Gregor") -> ZAYIN Season 1 BP [Legerdemain] Gregor
A32: Lantern | B32: Gregor | C32: Gluttony | D32: TETH | E32: Standard Fare | F32: Rupture | G32: 48 | H32: =DATE(2023, 2, 27) -> 44984 | I32: TRUE | J32: =IFERROR(__xludf.DUMMYFUNCTION("""COMPUTED_VALUE"""),"[Lantern] Gregor") -> [Lantern] Gregor | K32: 3 | M32: =IFERROR(__xludf.DUMMYFUNCTION("""COMPUTED_VALUE"""),"") | N32: =IFERROR(__xludf.DUMMYFUNCTION("""COMPUTED_VALUE"""),"")
A33: Telepole | B33: Don Quixote | C33: Envy | D33: HE | E33: Standard Fare | F33: Charge, Rupture | G33: 21 | H33: =DATE(2023, 3, 30) -> 45015 | I33: FALSE | J33: =IFERROR(__xludf.DUMMYFUNCTION("""COMPUTED_VALUE"""),"") | L33: Fragile | M33: =IFERROR(__xludf.DUMMYFUNCTION("""COMPUTED_VALUE"""),"HE Standard Fare [Telepole] Don Quixote") -> HE Standard Fare [Telepole] Don Quixote | N33: =IFERROR(__xludf.DUMMYFUNCTION("""COMPUTED_VALUE"""),"")
A34: Telepole | B34: Faust | C34: Envy | D34: HE | E34: Standard Fare | F34: Charge | G34: 19 | H34: =DATE(2023, 4, 6) -> 45022 | I34: TRUE | J34: =IFERROR(__xludf.DUMMYFUNCTION("""COMPUTED_VALUE"""),"[Telepole] Faust") -> [Telepole] Faust | K34: 3 | L34: Paralyze, Sin DMG/Power Up, Haste, Bind | M34: =IFERROR(__xludf.DUMMYFUNCTION("""COMPUTED_VALUE"""),"") | N34: =IFERROR(__xludf.DUMMYFUNCTION("""COMPUTED_VALUE"""),"")
A35: Lifetime Stew | B35: Don Quixote | C35: Lust | D35: TETH | E35: Season, 1, Event, Reward | F35: Burn | G35: 22 | H35: =DATE(2023, 4, 20) -> 45036 | I35: FALSE | J35: =IFERROR(__xludf.DUMMYFUNCTION("""COMPUTED_VALUE"""),"") | M35: =IFERROR(__xludf.DUMMYFUNCTION("""COMPUTED_VALUE"""),"") | N35: =IFERROR(__xludf.DUMMYFUNCTION("""COMPUTED_VALUE"""),"TETH Season 1 Event Reward [Lifetime Stew] Don Quixote") -> TETH Season 1 Event Reward [Lifetime Stew] Don Quixote
A36: Lifetime Stew | B36: Sinclair | C36: Lust | D36: TETH | E36: Season, 1, Event | F36: Burn | G36: 42 | H36: =DATE(2023, 4, 20) -> 45036 | I36: FALSE | J36: =IFERROR(__xludf.DUMMYFUNCTION("""COMPUTED_VALUE"""),"") | L36: Haste, E.G.O Resource Amp | M36: =IFERROR(__xludf.DUMMYFUNCTION("""COMPUTED_VALUE"""),"") | N36: =IFERROR(__xludf.DUMMYFUNCTION("""COMPUTED_VALUE"""),"TETH Season 1 Event [Lifetime Stew] Sinclair") -> TETH Season 1 Event [Lifetime Stew] Sinclair
A37: Dimension Shredder | B37: Yi Sang | C37: Pride | D37: HE | E37: Standard Fare | F37: Charge, Rupture | G37: 15 | H37: =DATE(2023, 5, 18) -> 45064 | I37: TRUE | J37: =IFERROR(__xludf.DUMMYFUNCTION("""COMPUTED_VALUE"""),"[Dimension Shredder] Yi Sang") -> [Dimension Shredder] Yi Sang | K37: 3 | L37: Dimensional Rift | M37: =IFERROR(__xludf.DUMMYFUNCTION("""COMPUTED_VALUE"""),"") | N37: =IFERROR(__xludf.DUMMYFUNCTION("""COMPUTED_VALUE"""),"")
A38: Dimension Shredder | B38: Hong Lu | C38: Pride | D38: HE | E38: Standard Fare | F38: Charge | G38: 31 | H38: =DATE(2023, 5, 18) -> 45064 | I38: FALSE | J38: =IFERROR(__xludf.DUMMYFUNCTION("""COMPUTED_VALUE"""),"") | L38: Haste, Fragile, Dimensional Rift | M38: =IFERROR(__xludf.DUMMYFUNCTION("""COMPUTED_VALUE"""),"HE Standard Fare [Dimension Shredder] Hong Lu") -> HE Standard Fare [Dimension Shredder] Hong Lu | N38: =IFERROR(__xludf.DUMMYFUNCTION("""COMPUTED_VALUE"""),"")
A39: Capote | B39: Meursault | C39: Wrath | D39: HE | E39: Season, 2, BP | F39: Burn, Tremor | G39: 29 | H39: =DATE(2023, 6, 1) -> 45078 | I39: FALSE | J39: =IFERROR(__xludf.DUMMYFUNCTION("""COMPUTED_VALUE"""),"") | K39: Shard | L39: Haste, Sin DMG/Power Up, Attack Type DMG/Power Up, Tremor Burst | M39: =IFERROR(__xludf.DUMMYFUNCTION("""COMPUTED_VALUE"""),"") | N39: =IFERROR(__xludf.DUMMYFUNCTION("""COMPUTED_VALUE"""),"HE Season 2 BP [Capote] Meursault") -> HE Season 2 BP [Capote] Meursault
A40: Capote | B40: Ishmael | C40: Wrath | D40: TETH | E40: Season, 2, BP | F40: Burn, Tremor | G40: 38 | H40: =DATE(2023, 6, 1) -> 45078 | I40: FALSE | J40: =IFERROR(__xludf.DUMMYFUNCTION("""COMPUTED_VALUE"""),"") | K40: Shard | L40: Sin DMG/Power Up, Sin Fragility, Tremor Burst | M40: =IFERROR(__xludf.DUMMYFUNCTION("""COMPUTED_VALUE"""),"") | N40: =IFERROR(__xludf.DUMMYFUNCTION("""COMPUTED_VALUE"""),"TETH Season 2 BP [Capote] Ishmael") -> TETH Season 2 BP [Capote] Ishmael
A41: AEDD | B41: Heathcliff | C41: Gloom | D41: TETH | E41: Season, 2, BP | F41: Charge | G41: 34 | H41: =DATE(2023, 6, 8) -> 45085 | I41: FALSE | J41: =IFERROR(__xludf.DUMMYFUNCTION("""COMPUTED_VALUE"""),"") | L41: Haste, Paralyze, Sin Fragility | M41: =IFERROR(__xludf.DUMMYFUNCTION("""COMPUTED_VALUE"""),"") | N41: =IFERROR(__xludf.DUMMYFUNCTION("""COMPUTED_VALUE"""),"TETH Season 2 BP [AEDD] Heathcliff") -> TETH Season 2 BP [AEDD] Heathcliff
A42: Sunshower | B42: Outis | C42: Gluttony | D42: TETH | E42: Season, 2, BP | F42: Poise, Sinking, Rupture | G42: 46 | H42: =DATE(2023, 6, 8) -> 45085 | I42: FALSE | J42: =IFERROR(__xludf.DUMMYFUNCTION("""COMPUTED_VALUE"""),"") | L42: Protection, Tremor Burst | M42: =IFERROR(__xludf.DUMMYFUNCTION("""COMPUTED_VALUE"""),"") | N42: =IFERROR(__xludf.DUMMYFUNCTION("""COMPUTED_VALUE"""),"TETH Season 2 BP [Sunshower] Outis") -> TETH Season 2 BP [Sunshower] Outis
A43: Sunshower | B43: Yi Sang | C43: Sloth | D43: WAW | E43: Season, 2, BP | G43: 16 | H43: =DATE(2023, 6, 15 ) -> 45092 | I43: TRUE | J43: =IFERROR(__xludf.DUMMYFUNCTION("""COMPUTED_VALUE"""),"[Sunshower] Yi Sang") -> [Sunshower] Yi Sang | K43: 3 | L43: Sin DMG/Power Up, Protection, Sin Fragility, Attack Type Fragility | M43: =IFERROR(__xludf.DUMMYFUNCTION("""COMPUTED_VALUE"""),"") | N43: =IFERROR(__xludf.DUMMYFUNCTION("""COMPUTED_VALUE"""),"")
A44: AEDD | B44: Gregor | C44: Gloom | D44: HE | E44: Season, 2, BP | F44: Charge | G44: 49 | H44: =DATE(2023, 6, 15 ) -> 45092 | I44: FALSE | J44: =IFERROR(__xludf.DUMMYFUNCTION("""COMPUTED_VALUE"""),"") | M44: =IFERROR(__xludf.DUMMYFUNCTION("""COMPUTED_VALUE"""),"") | N44: =IFERROR(__xludf.DUMMYFUNCTION("""COMPUTED_VALUE"""),"HE Season 2 BP [AEDD] Gregor") -> HE Season 2 BP [AEDD] Gregor
A45: Red Eyes | B45: Ryoshu | C45: Lust | D45: TETH | E45: Standard Fare | G45: 24 | H45: =DATE(2023, 6, 29) -> 45106 | I45: FALSE | J45: =IFERROR(__xludf.DUMMYFUNCTION("""COMPUTED_VALUE"""),"") | L45: Bind, Plus Coin Drop, Attack Type Fragility | M45: =IFERROR(__xludf.DUMMYFUNCTION("""COMPUTED_VALUE"""),"TETH Standard Fare [Red Eyes] Ryoshu") -> TETH Standard Fare [Red Eyes] Ryoshu | N45: =IFERROR(__xludf.DUMMYFUNCTION("""COMPUTED_VALUE"""),"")
A46: Red Eyes (Open) | B46: Ryoshu | C46: Envy | D46: HE | E46: Standard Fare | G46: 25 | H46: =DATE(2023, 6, 29) -> 45106 | I46: FALSE | J46: =IFERROR(__xludf.DUMMYFUNCTION("""COMPUTED_VALUE"""),"") | L46: Bind, Attack Type DMG/Power Up | M46: =IFERROR(__xludf.DUMMYFUNCTION("""COMPUTED_VALUE"""),"HE Standard Fare [Red Eyes (Open)] Ryoshu") -> HE Standard Fare [Red Eyes (Open)] Ryoshu | N46: =IFERROR(__xludf.DUMMYFUNCTION("""COMPUTED_VALUE"""),"")
A47: Soda | B47: Ryoshu | C47: Gloom | D47: ZAYIN | E47: Season, 2, Event, Reward | F47: Sinking | G47: 26 | H47: =DATE(2023, 7, 27) -> 45134 | I47: FALSE | J47: =IFERROR(__xludf.DUMMYFUNCTION("""COMPUTED_VALUE"""),"") | L47: E.G.O Resource Amp, Haste, Defense Power Down | M47: =IFERROR(__xludf.DUMMYFUNCTION("""COMPUTED_VALUE"""),"") | N47: =IFERROR(__xludf.DUMMYFUNCTION("""COMPUTED_VALUE"""),"ZAYIN Season 2 Event Reward [Soda] Ryoshu") -> ZAYIN Season 2 Event Reward [Soda] Ryoshu
A48: Soda | B48: Hong Lu | C48: Envy | D48: TETH | E48: Season, 2, Event | F48: Tremor | G48: 32 | H48: =DATE(2023, 7, 27) -> 45134 | I48: FALSE | J48: =IFERROR(__xludf.DUMMYFUNCTION("""COMPUTED_VALUE"""),"") | L48: Bind | M48: =IFERROR(__xludf.DUMMYFUNCTION("""COMPUTED_VALUE"""),"") | N48: =IFERROR(__xludf.DUMMYFUNCTION("""COMPUTED_VALUE"""),"TETH Season 2 Event [Soda] Hong Lu") -> TETH Season 2 Event [Soda] Hong Lu
A49: Lantern | B49: Sinclair | C49: Gluttony | D49: HE | E49: Standard Fare | F49: Rupture | G49: 43 | H49: =DATE(2023, 10, 5) -> 45204 | I49: FALSE | J49: =IFERROR(__xludf.DUMMYFUNCTION("""COMPUTED_VALUE"""),"") | L49: Defense Level Down | M49: =IFERROR(__xludf.DUMMYFUNCTION("""COMPUTED_VALUE"""),"HE Standard Fare [Lantern] Sinclair") -> HE Standard Fare [Lantern] Sinclair | N49: =IFERROR(__xludf.DUMMYFUNCTION("""COMPUTED_VALUE"""),"")
A50: Ya Śūnyatā Tad Rūpam | B50: Heathcliff | C50: Lust | D50: HE | E50: Standard Fare | G50: 35 | H50: =DATE(2023, 10, 12) -> 45211 | I50: FALSE | J50: =IFERROR(__xludf.DUMMYFUNCTION("""COMPUTED_VALUE"""),"") | L50: Attack Power Down, Defense Level Down, Defense Level Up, Damage Up, Fragile | M50: =IFERROR(__xludf.DUMMYFUNCTION("""COMPUTED_VALUE"""),"HE Standard Fare [Ya Śūnyatā Tad Rūpam] Heathcliff") -> HE Standard Fare [Ya Śūnyatā Tad Rūpam] Heathcliff | N50: =IFERROR(__xludf.DUMMYFUNCTION("""COMPUTED_VALUE"""),"")
A51: Regret | B51: Meursault | C51: Wrath | D51: TETH | E51: Walpurgisnaught, 2 | F51: Tremor | G51: 50 | H51: =DATE(2023, 10, 26) -> 45225 | I51: TRUE | J51: =IFERROR(__xludf.DUMMYFUNCTION("""COMPUTED_VALUE"""),"[Regret] Meursault") -> [Regret] Meursault | K51: 3 | L51: Bind, Attack Type DMG/Power Up, Tremor Burst | M51: =IFERROR(__xludf.DUMMYFUNCTION("""COMPUTED_VALUE"""),"") | N51: =IFERROR(__xludf.DUMMYFUNCTION("""COMPUTED_VALUE"""),"")
A52: Effervescent Corrosion | B52: Hong Lu | C52: Gluttony | D52: HE | E52: Season, 3, BP | F52: Rupture | G52: 51 | H52: =DATE(2023, 11, 23) -> 45253 | I52: FALSE | J52: =IFERROR(__xludf.DUMMYFUNCTION("""COMPUTED_VALUE"""),"") | L52: Sin Fragility, Bind | M52: =IFERROR(__xludf.DUMMYFUNCTION("""COMPUTED_VALUE"""),"") | N52: =IFERROR(__xludf.DUMMYFUNCTION("""COMPUTED_VALUE"""),"HE Season 3 BP [Effervescent Corrosion] Hong Lu") -> HE Season 3 BP [Effervescent Corrosion] Hong Lu
A53: 9:2 | B53: Faust | C53: Lust | D53: TETH | E53: Season, 3, BP | F53: Burn | G53: 52 | H53: =DATE(2023, 11, 23) -> 45253 | I53: FALSE | J53: =IFERROR(__xludf.DUMMYFUNCTION("""COMPUTED_VALUE"""),"") | L53: Defense Level Down, Bind | M53: =IFERROR(__xludf.DUMMYFUNCTION("""COMPUTED_VALUE"""),"") | N53: =IFERROR(__xludf.DUMMYFUNCTION("""COMPUTED_VALUE"""),"TETH Season 3 BP [9:2] Faust") -> TETH Season 3 BP [9:2] Faust
A54: Effervescent Corrosion | B54: Rodion | C54: Gluttony | D54: TETH | E54: Season, 3, BP | F54: Tremor | G54: 53 | H54: =DATE(2023, 11, 30) -> 45260 | I54: FALSE | J54: =IFERROR(__xludf.DUMMYFUNCTION("""COMPUTED_VALUE"""),"") | L54: Bind, Defense Level Down, Tremor Burst | M54: =IFERROR(__xludf.DUMMYFUNCTION("""COMPUTED_VALUE"""),"") | N54: =IFERROR(__xludf.DUMMYFUNCTION("""COMPUTED_VALUE"""),"TETH Season 3 BP [Effervescent Corrosion] Rodion") -> TETH Season 3 BP [Effervescent Corrosion] Rodion
A55: 9:2 | B55: Sinclair | C55: Lust | D55: HE | E55: Season, 3, BP | F55: Burn | G55: 54 | H55: =DATE(2023, 11, 30) -> 45260 | I55: FALSE | J55: =IFERROR(__xludf.DUMMYFUNCTION("""COMPUTED_VALUE"""),"") | L55: Attack Power Up, Defense Power Down, Sin Fragility | M55: =IFERROR(__xludf.DUMMYFUNCTION("""COMPUTED_VALUE"""),"") | N55: =IFERROR(__xludf.DUMMYFUNCTION("""COMPUTED_VALUE"""),"HE Season 3 BP [9:2] Sinclair") -> HE Season 3 BP [9:2] Sinclair
A56: Blind Obsession | B56: Ryoshu | C56: Pride | D56: TETH | E56: Season, 3, BP | F56: Poise, Charge | G56: 55 | H56: =DATE(2023, 11, 30) -> 45260 | I56: FALSE | J56: =IFERROR(__xludf.DUMMYFUNCTION("""COMPUTED_VALUE"""),"") | M56: =IFERROR(__xludf.DUMMYFUNCTION("""COMPUTED_VALUE"""),"") | N56: =IFERROR(__xludf.DUMMYFUNCTION("""COMPUTED_VALUE"""),"TETH Season 3 BP [Blind Obsession] Ryoshu") -> TETH Season 3 BP [Blind Obsession] Ryoshu
A57: Blind Obsession | B57: Ishmael | C57: Pride | D57: WAW | E57: Season, 3, BP | F57: Charge, Poise, Sinking | G57: 56 | H57: =DATE(2023, 11, 30) -> 45260 | I57: TRUE | J57: =IFERROR(__xludf.DUMMYFUNCTION("""COMPUTED_VALUE"""),"[Blind Obsession] Ishmael") -> [Blind Obsession] Ishmael | K57: 3 | L57: Attack Type DMG/Power Up, Damage Up, Sin Fragility, Haste, Offense Level Up | M57: =IFERROR(__xludf.DUMMYFUNCTION("""COMPUTED_VALUE"""),"") | N57: =IFERROR(__xludf.DUMMYFUNCTION("""COMPUTED_VALUE"""),"")
A58: Pursuance | B58: Rodion | C58: Sloth | D58: HE | E58: Standard Fare | G58: 57 | H58: =DATE(2023, 12, 14) -> 45274 | I58: FALSE | J58: =IFERROR(__xludf.DUMMYFUNCTION("""COMPUTED_VALUE"""),"") | L58: Sin Fragility, Tremor Burst | M58: =IFERROR(__xludf.DUMMYFUNCTION("""COMPUTED_VALUE"""),"HE Standard Fare [Pursuance] Rodion") -> HE Standard Fare [Pursuance] Rodion | N58: =IFERROR(__xludf.DUMMYFUNCTION("""COMPUTED_VALUE"""),"")
A59: Holiday | B59: Heathcliff | C59: Gluttony | D59: ZAYIN | E59: Season, 3, Event, Reward | F59: Burn, Bleed, Tremor, Rupture, Sinking, Poise, Charge | G59: 58 | H59: =DATE(2023, 12, 28) -> 45288 | I59: FALSE | J59: =IFERROR(__xludf.DUMMYFUNCTION("""COMPUTED_VALUE"""),"") | L59: Haste, Offense Level Up, Defense Power Up | M59: =IFERROR(__xludf.DUMMYFUNCTION("""COMPUTED_VALUE"""),"") | N59: =IFERROR(__xludf.DUMMYFUNCTION("""COMPUTED_VALUE"""),"ZAYIN Season 3 Event Reward [Holiday] Heathcliff") -> ZAYIN Season 3 Event Reward [Holiday] Heathcliff
A60: Holiday | B60: Outis | C60: Wrath | D60: HE | E60: Season, 3, Event | F60: Burn, Bleed, Tremor, Rupture, Sinking | G60: 59 | H60: =DATE(2023, 12, 28) -> 45288 | I60: FALSE | J60: =IFERROR(__xludf.DUMMYFUNCTION("""COMPUTED_VALUE"""),"") | L60: Tremor Burst | M60: =IFERROR(__xludf.DUMMYFUNCTION("""COMPUTED_VALUE"""),"") | N60: =IFERROR(__xludf.DUMMYFUNCTION("""COMPUTED_VALUE"""),"HE Season 3 Event [Holiday] Outis") -> HE Season 3 Event [Holiday] Outis
A61: Wishing Cairn | B61: Don Quixote | C61: Sloth | D61: TETH | E61: Standard Fare | F61: Bleed, Tremor, Poise | G61: 60 | H61: =DATE(2024, 2, 15) -> 45337 | I61: TRUE | J61: =IFERROR(__xludf.DUMMYFUNCTION("""COMPUTED_VALUE"""),"[Wishing Cairn] Don Quixote") -> [Wishing Cairn] Don Quixote | K61: 3 | L61: Paralyze, Tremor Burst | M61: =IFERROR(__xludf.DUMMYFUNCTION("""COMPUTED_VALUE"""),"") | N61: =IFERROR(__xludf.DUMMYFUNCTION("""COMPUTED_VALUE"""),"")
A62: Garden of Thorns | B62: Gregor | C62: Lust | D62: WAW | E62: Season, 3, Extraction | F62: Rupture | G62: 61 | H62: =DATE(2024, 3, 14) -> 45365 | I62: FALSE | J62: =IFERROR(__xludf.DUMMYFUNCTION("""COMPUTED_VALUE"""),"") | L62: Damage Down, Bind | M62: =IFERROR(__xludf.DUMMYFUNCTION("""COMPUTED_VALUE"""),"WAW Season 3 Extraction [Garden of Thorns] Gregor") -> WAW Season 3 Extraction [Garden of Thorns] Gregor | N62: =IFERROR(__xludf.DUMMYFUNCTION("""COMPUTED_VALUE"""),"")
A63: Bygone Days | B63: Yi Sang | C63: Gloom | D63: ZAYIN | E63: Season, 4, BP | F63: Sinking | G63: 62 | H63: =DATE(2024, 4, 4) -> 45386 | I63: FALSE | J63: =IFERROR(__xludf.DUMMYFUNCTION("""COMPUTED_VALUE"""),"") | L63: Bind | M63: =IFERROR(__xludf.DUMMYFUNCTION("""COMPUTED_VALUE"""),"") | N63: =IFERROR(__xludf.DUMMYFUNCTION("""COMPUTED_VALUE"""),"ZAYIN Season 4 BP [Bygone Days] Yi Sang") -> ZAYIN Season 4 BP [Bygone Days] Yi Sang
A64: Bygone Days | B64: Gregor | C64: Gloom | D64: TETH | E64: Season, 4, BP | F64: Sinking | G64: 63 | H64: =DATE(2024, 4, 4) -> 45386 | I64: FALSE | J64: =IFERROR(__xludf.DUMMYFUNCTION("""COMPUTED_VALUE"""),"") | L64: Sin Fragility, Curse | M64: =IFERROR(__xludf.DUMMYFUNCTION("""COMPUTED_VALUE"""),"") | N64: =IFERROR(__xludf.DUMMYFUNCTION("""COMPUTED_VALUE"""),"TETH Season 4 BP [Bygone Days] Gregor") -> TETH Season 4 BP [Bygone Days] Gregor
A65: Binds | B65: Outis | C65: Pride | D65: WAW | E65: Season, 4, BP | F65: Tremor | G65: 64 | H65: =DATE(2024, 4, 11) -> 45393 | I65: TRUE | J65: =IFERROR(__xludf.DUMMYFUNCTION("""COMPUTED_VALUE"""),"[Binds] Outis") -> [Binds] Outis | K65: 3 | L65: Amplitude Conversion, Tremor - Fracture, Tremor Burst | M65: =IFERROR(__xludf.DUMMYFUNCTION("""COMPUTED_VALUE"""),"") | N65: =IFERROR(__xludf.DUMMYFUNCTION("""COMPUTED_VALUE"""),"")
A66: Binds | B66: Heathcliff | C66: Gloom | D66: WAW | E66: Season, 4, BP | F66: Sinking, Tremor | G66: 65 | H66: =DATE(2024, 4, 11) -> 45393 | I66: TRUE | J66: =IFERROR(__xludf.DUMMYFUNCTION("""COMPUTED_VALUE"""),"[Binds] Heathcliff") -> [Binds] Heathcliff | K66: 3 | L66: Bind, Attack Power Up, Sin DMG/Power Up, Offense Level Up, Defense Level Up, Tremor Burst | M66: =IFERROR(__xludf.DUMMYFUNCTION("""COMPUTED_VALUE"""),"") | N66: =IFERROR(__xludf.DUMMYFUNCTION("""COMPUTED_VALUE"""),"")
A67: Electric Screaming | B67: Don Quixote | C67: Envy | D67: TETH | E67: Season, 4, BP | F67: Charge | G67: 66 | H67: =DATE(2024, 4, 11) -> 45393 | I67: FALSE | J67: =IFERROR(__xludf.DUMMYFUNCTION("""COMPUTED_VALUE"""),"") | L67: Attack Power Up | M67: =IFERROR(__xludf.DUMMYFUNCTION("""COMPUTED_VALUE"""),"") | N67: =IFERROR(__xludf.DUMMYFUNCTION("""COMPUTED_VALUE"""),"TETH Season 4 BP [Electric Screaming] Don Quixote") -> TETH Season 4 BP [Electric Screaming] Don Quixote
A68: Electric Screaming | B68: Meursault | C68: Envy | D68: TETH | E68: Season, 4, BP | F68: Charge, Rupture | G68: 67 | H68: =DATE(2024, 4, 11) -> 45393 | I68: FALSE | J68: =IFERROR(__xludf.DUMMYFUNCTION("""COMPUTED_VALUE"""),"") | L68: Sin DMG/Power Up, Paralyze, Offense Level Up, Defense Level Up | M68: =IFERROR(__xludf.DUMMYFUNCTION("""COMPUTED_VALUE"""),"") | N68: =IFERROR(__xludf.DUMMYFUNCTION("""COMPUTED_VALUE"""),"TETH Season 4 BP [Electric Screaming] Meursault") -> TETH Season 4 BP [Electric Screaming] Meursault
A69: Sanguine Desire | B69: Rodion | C69: Lust | D69: WAW | E69: Walpurgisnaught, 3 | F69: Bleed | G69: 68 | H69: =DATE(2024, 5, 2) -> 45414 | I69: TRUE | J69: =IFERROR(__xludf.DUMMYFUNCTION("""COMPUTED_VALUE"""),"[Sanguine Desire] Rodion") -> [Sanguine Desire] Rodion | K69: 3 | M69: =IFERROR(__xludf.DUMMYFUNCTION("""COMPUTED_VALUE"""),"") | N69: =IFERROR(__xludf.DUMMYFUNCTION("""COMPUTED_VALUE"""),"")
A70: Wingbeat | B70: Ishmael | C70: Gluttony | D70: HE | E70: Walpurgisnaught, 3 | F70: Bleed | G70: 69 | H70: =DATE(2024, 5, 2) -> 45414 | I70: FALSE | J70: =IFERROR(__xludf.DUMMYFUNCTION("""COMPUTED_VALUE"""),"") | L70: Sin Fragility, Attack Type DMG/Power Up, Haste, Offense Level Up | M70: =IFERROR(__xludf.DUMMYFUNCTION("""COMPUTED_VALUE"""),"HE Walpurgisnaught 3 [Wingbeat] Ishmael") -> HE Walpurgisnaught 3 [Wingbeat] Ishmael | N70: =IFERROR(__xludf.DUMMYFUNCTION("""COMPUTED_VALUE"""),"")
A71: Cavernous Wailing | B71: Sinclair | C71: Gloom | D71: ZAYIN | E71: Standard Fare | F71: Sinking | G71: 70 | H71: =DATE(2024, 5, 30) -> 45442 | I71: FALSE | J71: =IFERROR(__xludf.DUMMYFUNCTION("""COMPUTED_VALUE"""),"") | L71: Aggro, Protection | M71: =IFERROR(__xludf.DUMMYFUNCTION("""COMPUTED_VALUE"""),"ZAYIN Standard Fare [Cavernous Wailing] Sinclair") -> ZAYIN Standard Fare [Cavernous Wailing] Sinclair | N71: =IFERROR(__xludf.DUMMYFUNCTION("""COMPUTED_VALUE"""),"")
A72: Cavernous Wailing | B72: Hong Lu | C72: Sloth | D72: TETH | E72: Standard Fare | F72: Tremor | G72: 71 | H72: =DATE(2024, 5, 30) -> 45442 | I72: TRUE | J72: =IFERROR(__xludf.DUMMYFUNCTION("""COMPUTED_VALUE"""),"[Cavernous Wailing] Hong Lu") -> [Cavernous Wailing] Hong Lu | K72: 4 | L72: Amplitude Conversion, Tremor - Reverb, Offense Level Down, Defense Level Down, Tremor Burst | M72: =IFERROR(__xludf.DUMMYFUNCTION("""COMPUTED_VALUE"""),"") | N72: =IFERROR(__xludf.DUMMYFUNCTION("""COMPUTED_VALUE"""),"")
A73: Everlasting | B73: Faust | C73: Sloth | D73: WAW | E73: Season, 4, Event | F73: Tremor | G73: 72 | H73: =DATE(2024, 6, 13) -> 45456 | I73: TRUE | J73: =IFERROR(__xludf.DUMMYFUNCTION("""COMPUTED_VALUE"""),"[Everlasting] Faust") -> [Everlasting] Faust | K73: 3 | L73: Amplitude Entanglement, Tremor - Everlasting, Haste, Tremor Burst, Tremor - Superposition | M73: =IFERROR(__xludf.DUMMYFUNCTION("""COMPUTED_VALUE"""),"") | N73: =IFERROR(__xludf.DUMMYFUNCTION("""COMPUTED_VALUE"""),"") | O73: 7
A74: Fell Bullet | B74: Heathcliff | C74: Pride | D74: TETH | E74: Standard Fare | F74: Poise, Bleed, Sinking | G74: 74 | H74: =DATE(2024, 7, 25) -> 45498 | I74: TRUE | J74: =IFERROR(__xludf.DUMMYFUNCTION("""COMPUTED_VALUE"""),"[Fell Bullet] Heathcliff") -> [Fell Bullet] Heathcliff | K74: 3 | L74: Ammo | M74: =IFERROR(__xludf.DUMMYFUNCTION("""COMPUTED_VALUE"""),"") | N74: =IFERROR(__xludf.DUMMYFUNCTION("""COMPUTED_VALUE"""),"")
A75: Dimension Shredder | B75: Outis | C75: Envy | D75: HE | E75: Season, 4, Event | F75: Charge | G75: 75 | H75: =DATE(2024, 8, 8) -> 45512 | I75: FALSE | J75: =IFERROR(__xludf.DUMMYFUNCTION("""COMPUTED_VALUE"""),"") | L75: Dimensional Rift, Haste, Load | M75: =IFERROR(__xludf.DUMMYFUNCTION("""COMPUTED_VALUE"""),"") | N75: =IFERROR(__xludf.DUMMYFUNCTION("""COMPUTED_VALUE"""),"HE Season 4 Event [Dimension Shredder] Outis") -> HE Season 4 Event [Dimension Shredder] Outis
A76: Solemn Lament | B76: Gregor | C76: Gloom | D76: HE | E76: Walpurgisnaught, 4 | F76: Sinking | G76: 76 | H76: =DATE(2024, 9, 5) -> 45540 | I76: FALSE | J76: =IFERROR(__xludf.DUMMYFUNCTION("""COMPUTED_VALUE"""),"") | L76: Attack Power Up | M76: =IFERROR(__xludf.DUMMYFUNCTION("""COMPUTED_VALUE"""),"HE Walpurgisnaught 4 [Solemn Lament] Gregor") -> HE Walpurgisnaught 4 [Solemn Lament] Gregor | N76: =IFERROR(__xludf.DUMMYFUNCTION("""COMPUTED_VALUE"""),"")
A77: Contempt, Awe | B77: Ryoshu | C77: Lust | D77: WAW | E77: Season, 4, Extraction | F77: Bleed | G77: 73 | H77: =DATE(2024, 7, 77) -> 45550 | I77: FALSE | J77: =IFERROR(__xludf.DUMMYFUNCTION("""COMPUTED_VALUE"""),"") | M77: =IFERROR(__xludf.DUMMYFUNCTION("""COMPUTED_VALUE"""),"WAW Season 4 Extraction [Contempt, Awe] Ryoshu") -> WAW Season 4 Extraction [Contempt, Awe] Ryoshu | N77: =IFERROR(__xludf.DUMMYFUNCTION("""COMPUTED_VALUE"""),"")
A78: Bygone Days | B78: Ishmael | C78: Gloom | D78: TETH | E78: Standard Fare | F78: Sinking | G78: 77 | H78: =DATE(2024, 9, 19) -> 45554 | I78: FALSE | J78: =IFERROR(__xludf.DUMMYFUNCTION("""COMPUTED_VALUE"""),"") | L78: Sin Fragility, Curse | M78: =IFERROR(__xludf.DUMMYFUNCTION("""COMPUTED_VALUE"""),"TETH Standard Fare [Bygone Days] Ishmael") -> TETH Standard Fare [Bygone Days] Ishmael | N78: =IFERROR(__xludf.DUMMYFUNCTION("""COMPUTED_VALUE"""),"")
A79: Lasso | B79: Faust | C79: Gluttony | D79: TETH | E79: Season, 5, BP | F79: Rupture | G79: 78 | H79: =DATE(2024, 10, 17) -> 45582 | I79: FALSE | J79: =IFERROR(__xludf.DUMMYFUNCTION("""COMPUTED_VALUE"""),"") | L79: Haste, Sin DMG/Power Up | M79: =IFERROR(__xludf.DUMMYFUNCTION("""COMPUTED_VALUE"""),"") | N79: =IFERROR(__xludf.DUMMYFUNCTION("""COMPUTED_VALUE"""),"TETH Season 5 BP [Lasso] Faust") -> TETH Season 5 BP [Lasso] Faust
A80: Lasso | B80: Hong Lu | C80: Gluttony | D80: TETH | E80: Season, 5, BP | F80: Rupture, Bleed | G80: 79 | H80: =DATE(2024, 10, 17) -> 45582 | I80: FALSE | J80: =IFERROR(__xludf.DUMMYFUNCTION("""COMPUTED_VALUE"""),"") | L80: Haste | M80: =IFERROR(__xludf.DUMMYFUNCTION("""COMPUTED_VALUE"""),"") | N80: =IFERROR(__xludf.DUMMYFUNCTION("""COMPUTED_VALUE"""),"TETH Season 5 BP [Lasso] Hong Lu") -> TETH Season 5 BP [Lasso] Hong Lu
A81: Hex Nail | B81: Rodion | C81: Envy | D81: HE | E81: Season, 5, BP | F81: Bleed | G81: 80 | H81: =DATE(2024, 10, 24) -> 45589 | I81: TRUE | J81: =IFERROR(__xludf.DUMMYFUNCTION("""COMPUTED_VALUE"""),"[Hex Nail] Rodion") -> [Hex Nail] Rodion | K81: 3 | L81: Offense Level Up, Defense Level Down, Nail, Curse | M81: =IFERROR(__xludf.DUMMYFUNCTION("""COMPUTED_VALUE"""),"") | N81: =IFERROR(__xludf.DUMMYFUNCTION("""COMPUTED_VALUE"""),"")
A82: Hex Nail | B82: Sinclair | C82: Envy | D82: TETH | E82: Season, 5, BP | F82: Bleed | G82: 81 | H82: =DATE(2024, 10, 24) -> 45589 | I82: FALSE | J82: =IFERROR(__xludf.DUMMYFUNCTION("""COMPUTED_VALUE"""),"") | L82: Clash Power Down, Bind, Defense Level Down, Clash Power Up, Defense Power Up, Protection, Nail, Curse | M82: =IFERROR(__xludf.DUMMYFUNCTION("""COMPUTED_VALUE"""),"") | N82: =IFERROR(__xludf.DUMMYFUNCTION("""COMPUTED_VALUE"""),"TETH Season 5 BP [Hex Nail] Sinclair") -> TETH Season 5 BP [Hex Nail] Sinclair
A83: Yearning-Mircalla | B83: Meursault | C83: Lust | D83: WAW | E83: Season, 5, BP | F83: Bleed | G83: 82 | H83: =DATE(2024, 10, 24) -> 45589 | I83: FALSE | J83: =IFERROR(__xludf.DUMMYFUNCTION("""COMPUTED_VALUE"""),"") | L83: Unbreakable Coin | M83: =IFERROR(__xludf.DUMMYFUNCTION("""COMPUTED_VALUE"""),"") | N83: =IFERROR(__xludf.DUMMYFUNCTION("""COMPUTED_VALUE"""),"WAW Season 5 BP [Yearning-Mircalla] Meursault") -> WAW Season 5 BP [Yearning-Mircalla] Meursault
A84: Yearning-Mircalla | B84: Don Quixote | C84: Lust | D84: WAW | E84: Season, 5, BP | F84: Bleed | G84: 83 | H84: =DATE(2024, 10, 24) -> 45589 | I84: TRUE | J84: =IFERROR(__xludf.DUMMYFUNCTION("""COMPUTED_VALUE"""),"[Yearning-Mircalla] Don Quixote") -> [Yearning-Mircalla] Don Quixote | K84: 4 | L84: Bloodfeast, Unbreakable Coin | M84: =IFERROR(__xludf.DUMMYFUNCTION("""COMPUTED_VALUE"""),"") | N84: =IFERROR(__xludf.DUMMYFUNCTION("""COMPUTED_VALUE"""),"")
A85: Fell Bullet | B85: Yi Sang | C85: Pride | D85: HE | E85: Season, 5, Extraction | F85: Poise, Bleed | G85: 84 | H85: =DATE(2024, 11, 14) -> 45610 | I85: FALSE | J85: =IFERROR(__xludf.DUMMYFUNCTION("""COMPUTED_VALUE"""),"") | M85: =IFERROR(__xludf.DUMMYFUNCTION("""COMPUTED_VALUE"""),"HE Season 5 Extraction [Fell Bullet] Yi Sang") -> HE Season 5 Extraction [Fell Bullet] Yi Sang | N85: =IFERROR(__xludf.DUMMYFUNCTION("""COMPUTED_VALUE"""),"")
A86: Asymmetrical Inertia | B86: Heathcliff | C86: Sloth | D86: HE | E86: Standard Fare | F86: Tremor | G86: 85 | H86: =DATE(2024, 11, 28) -> 45624 | I86: TRUE | J86: =IFERROR(__xludf.DUMMYFUNCTION("""COMPUTED_VALUE"""),"[Asymmetrical Inertia] Heathcliff") -> [Asymmetrical Inertia] Heathcliff | K86: 3 | L86: Amplitude Conversion, Tremor - Clockwinding, Sin Fragility, Fragile, Tremor Burst | M86: =IFERROR(__xludf.DUMMYFUNCTION("""COMPUTED_VALUE"""),"") | N86: =IFERROR(__xludf.DUMMYFUNCTION("""COMPUTED_VALUE"""),"")
A87: Christmas Nightmare | B87: Gregor | C87: Sloth | D87: HE | E87: Season, 5, Bokgak | F87: Tremor, Sinking | G87: 86 | H87: =DATE(2024, 12, 26) -> 45652 | I87: FALSE | J87: =IFERROR(__xludf.DUMMYFUNCTION("""COMPUTED_VALUE"""),"") | L87: Attack Power Up, Attack Power Down, Offense Level Down, Defense Level Down, Tremor Burst | M87: =IFERROR(__xludf.DUMMYFUNCTION("""COMPUTED_VALUE"""),"") | N87: =IFERROR(__xludf.DUMMYFUNCTION("""COMPUTED_VALUE"""),"")
A88: Christmas Nightmare | B88: Ishmael | C88: Lust | D88: HE | E88: Season, 5, Bokgak | F88: Tremor, Sinking | G88: 87 | H88: =DATE(2024, 12, 26) -> 45652 | I88: TRUE | J88: =IFERROR(__xludf.DUMMYFUNCTION("""COMPUTED_VALUE"""),"[Christmas Nightmare] Ishmael") -> [Christmas Nightmare] Ishmael | K88: 3 | L88: Tremor Burst | M88: =IFERROR(__xludf.DUMMYFUNCTION("""COMPUTED_VALUE"""),"") | N88: =IFERROR(__xludf.DUMMYFUNCTION("""COMPUTED_VALUE"""),"")
A89: Magic Bullet | B89: Outis | C89: Pride | D89: HE | E89: Walpurgisnaught, 5 | F89: Burn | G89: 88 | H89: =DATE(2025, 1, 9) -> 45666 | I89: TRUE | J89: =IFERROR(__xludf.DUMMYFUNCTION("""COMPUTED_VALUE"""),"[Magic Bullet] Outis") -> [Magic Bullet] Outis | K89: 3 | L89: Ammo | M89: =IFERROR(__xludf.DUMMYFUNCTION("""COMPUTED_VALUE"""),"") | N89: =IFERROR(__xludf.DUMMYFUNCTION("""COMPUTED_VALUE"""),"")
A90: Thoracalgia | B90: Ryoshu | C90: Pride | D90: HE | E90: Season, 5, Event | F90: Poise | G90: 89 | H90: =DATE(2025, 1, 23) -> 45680 | I90: TRUE | J90: =IFERROR(__xludf.DUMMYFUNCTION("""COMPUTED_VALUE"""),"[Thoracalgia] Ryoshu") -> [Thoracalgia] Ryoshu | K90: 3 | M90: =IFERROR(__xludf.DUMMYFUNCTION("""COMPUTED_VALUE"""),"") | N90: =IFERROR(__xludf.DUMMYFUNCTION("""COMPUTED_VALUE"""),"")
A91: Thoracalgia | B91: Faust | C91: Pride | D91: HE | E91: Season, 5, Extraction | F91: Poise | G91: 90 | H91: =DATE(2025, 2, 20) -> 45708 | I91: TRUE | J91: =IFERROR(__xludf.DUMMYFUNCTION("""COMPUTED_VALUE"""),"[Thoracalgia] Faust") -> [Thoracalgia] Faust | K91: 3 | L91: Sin DMG/Power Up | M91: =IFERROR(__xludf.DUMMYFUNCTION("""COMPUTED_VALUE"""),"") | N91: =IFERROR(__xludf.DUMMYFUNCTION("""COMPUTED_VALUE"""),"")
A92: Indicant's Trial | B92: Rodion | C92: Wrath | D92: WAW | E92: Season, 5, Extraction | F92: Burn | G92: 91 | H92: =DATE(2025, 4, 17) -> 45764 | I92: TRUE | J92: =IFERROR(__xludf.DUMMYFUNCTION("""COMPUTED_VALUE"""),"[Indicant's Trial] Rodion") -> [Indicant's Trial] Rodion | K92: 3 | L92: Unbreakable Coin, Sin DMG/Power Up | M92: =IFERROR(__xludf.DUMMYFUNCTION("""COMPUTED_VALUE"""),"") | N92: =IFERROR(__xludf.DUMMYFUNCTION("""COMPUTED_VALUE"""),"")
A93: Red Sheet | B93: Don Quixote | C93: Gluttony | D93: HE | E93: Season, 6, BP | F93: Rupture | G93: 92 | H93: =DATE(2025, 5, 22) -> 45799 | I93: TRUE | J93: =IFERROR(__xludf.DUMMYFUNCTION("""COMPUTED_VALUE"""),"[Red Sheet] Don Quixote") -> [Red Sheet] Don Quixote | K93: 3 | L93: Defense Level Down | M93: =IFERROR(__xludf.DUMMYFUNCTION("""COMPUTED_VALUE"""),"") | N93: =IFERROR(__xludf.DUMMYFUNCTION("""COMPUTED_VALUE"""),"")
A94: Hundred-Footed Death Maggot 【螂蛆殺】 | B94: Ishmael | C94: Gloom | D94: ZAYIN | E94: Season, 6, BP | F94: Sinking, Rupture | G94: 93 | H94: =DATE(2025, 5, 22) -> 45799 | I94: TRUE | J94: =IFERROR(__xludf.DUMMYFUNCTION("""COMPUTED_VALUE"""),"[Hundred-Footed Death Maggot 【螂蛆殺】] Ishmael") -> [Hundred-Footed Death Maggot 【螂蛆殺】] Ishmael | K94: 3 | L94: Offense Level Up | M94: =IFERROR(__xludf.DUMMYFUNCTION("""COMPUTED_VALUE"""),"") | N94: =IFERROR(__xludf.DUMMYFUNCTION("""COMPUTED_VALUE"""),"")
A95: Tears of the Tarnished Blood 【汚血泣淚】 | B95: Hong Lu | C95: Gluttony | D95: WAW | E95: Season, 6, BP | F95: Rupture | G95: 94 | H95: =DATE(2025, 5, 29) -> 45806 | I95: TRUE | J95: =IFERROR(__xludf.DUMMYFUNCTION("""COMPUTED_VALUE"""),"[Tears of the Tarnished Blood 【汚血泣淚】] Hong Lu") -> [Tears of the Tarnished Blood 【汚血泣淚】] Hong Lu | K95: 4 | L95: Unbreakable Coin, Haste, Attack Power Down, Sin DMG/Power Up, Attack Type DMG/Power Up | M95: =IFERROR(__xludf.DUMMYFUNCTION("""COMPUTED_VALUE"""),"") | N95: =IFERROR(__xludf.DUMMYFUNCTION("""COMPUTED_VALUE"""),"")
A96: Tears of the Tarnished Blood 【汚血泣淚】 | B96: Sinclair | C96: Gluttony | D96: WAW | E96: Season, 6, BP | F96: Rupture | G96: 95 | H96: =DATE(2025, 5, 29) -> 45806 | I96: TRUE | J96: =IFERROR(__xludf.DUMMYFUNCTION("""COMPUTED_VALUE"""),"[Tears of the Tarnished Blood 【汚血泣淚】] Sinclair") -> [Tears of the Tarnished Blood 【汚血泣淚】] Sinclair | K96: 3 | L96: Fragile | M96: =IFERROR(__xludf.DUMMYFUNCTION("""COMPUTED_VALUE"""),"") | N96: =IFERROR(__xludf.DUMMYFUNCTION("""COMPUTED_VALUE"""),"")
A97: In the name of Love and Hate | B97: Don Quixote | C97: Envy | D97: WAW | E97: Walpurgisnaught, 6 | F97: Charge, Rupture, Sinking | G97: 96 | H97: =DATE(2025, 7, 17) -> 45855 | I97: FALSE | J97: =IFERROR(__xludf.DUMMYFUNCTION("""COMPUTED_VALUE"""),"") | L97: Unbreakable Coin | M97: =IFERROR(__xludf.DUMMYFUNCTION("""COMPUTED_VALUE"""),"WAW Walpurgisnaught 6 [In the name of Love and Hate] Don Quixote") -> WAW Walpurgisnaught 6 [In the name of Love and Hate] Don Quixote | N97: =IFERROR(__xludf.DUMMYFUNCTION("""COMPUTED_VALUE"""),"") | P97: 3
A98: Crushbound Past | B98: Meursault | C98: Sloth | D98: WAW | E98: Season, 6, Bokgak | F98: Tremor | G98: 97 | H98: =DATE(2025, 7, 31) -> 45869 | I98: TRUE | J98: =IFERROR(__xludf.DUMMYFUNCTION("""COMPUTED_VALUE"""),"[Crushbound Past] Meursault") -> [Crushbound Past] Meursault | K98: 4 | L98: Amplitude Entanglement, Damage Up, Protection, Tremor Burst, Tremor - Superposition | M98: =IFERROR(__xludf.DUMMYFUNCTION("""COMPUTED_VALUE"""),"") | N98: =IFERROR(__xludf.DUMMYFUNCTION("""COMPUTED_VALUE"""),"") | O98: 5
A99: Tidal Elegy | B99: Ishmael | C99: Gloom | D99: HE | E99: Season, 6, Event, Reward | F99: Sinking, Tremor | G99: 98 | H99: =DATE(2025, 9, 25) -> 45925 | I99: TRUE | J99: =IFERROR(__xludf.DUMMYFUNCTION("""COMPUTED_VALUE"""),"[Tidal Elegy] Ishmael") -> [Tidal Elegy] Ishmael | K99: 3 | L99: Unbreakable Coin, Bind, Attack Type DMG/Power Up, Sin DMG/Power Up, Sin Fragility, Tremor Burst | M99: =IFERROR(__xludf.DUMMYFUNCTION("""COMPUTED_VALUE"""),"") | N99: =IFERROR(__xludf.DUMMYFUNCTION("""COMPUTED_VALUE"""),"") | O99: 2
A100: To Remain Oneself 【宁作吾】 | B100: Hong Lu | C100: Pride | D100: HE | E100: Season, 6, Event, Extraction | F100: Poise, Sinking | G100: 99 | H100: =DATE(2025, 9, 25) -> 45925 | I100: TRUE | J100: =IFERROR(__xludf.DUMMYFUNCTION("""COMPUTED_VALUE"""),"[To Remain Oneself 【宁作吾】] Hong Lu") -> [To Remain Oneself 【宁作吾】] Hong Lu | K100: 4 | L100: Unbreakable Coin | M100: =IFERROR(__xludf.DUMMYFUNCTION("""COMPUTED_VALUE"""),"") | N100: =IFERROR(__xludf.DUMMYFUNCTION("""COMPUTED_VALUE"""),"")
...

Sheet EGO Old
A1: T0 | F1: T1 | K1: T2 | P1: T3 | U1: T4 | Z1: Standard Fare
A2: {=MAP(SEQUENCE(1, 25), LAMBDA(i, INDEX({"ZAYIN", "TETH", "HE", "WAW", "ALEPH"}, MOD(i - 1, 5) + 1)))} -> ZAYIN | B2: TETH | C2: HE | D2: WAW | E2: ALEPH | F2: ZAYIN | G2: TETH | H2: HE | I2: WAW | J2: ALEPH | K2: ZAYIN | L2: TETH | M2: HE | N2: WAW | O2: ALEPH | P2: ZAYIN | Q2: TETH | R2: HE | S2: WAW | T2: ALEPH | U2: ZAYIN | V2: TETH | W2: HE | X2: WAW | Y2: ALEPH
A3: {=BYCOL(A4:Y1000, LAMBDA(col, IF(COUNTA(col)=0, 0, COUNTA(col) - COUNTIF(col, " ??"))))} -> 5 | B3: 23 | C3: 22 | D3: 4 | E3: 0 | F3: 0 | G3: 0 | H3: 0 | I3: 1 | J3: 0 | K3: 0 | L3: 0 | M3: 0 | N3: 0 | O3: 0 | P3: 13 | Q3: 8 | R3: 14 | S3: 12 | T3: 0 | U3: 1 | V3: 1 | W3: 2 | X3: 1 | Y3: 0 | Z3: Walpurgisnaught
A4: Bygone Days YS | B4: 4th Match Flame YS | C4: Fell Bullet YS | E4: YS | J4: YS | O4: YS | P4: Crow's Eye View YS | Q4: Wishing Cairn YS | R4: Dimension Shredder YS | S4: Great Trichiliocosm YS | T4: YS | Y4: YS
S5: Sunshower YS | Z5: {="Season " & ROUNDUP(SEQUENCE(24,1)/2,0)} -> Season 1
B6: Hex Nail FT | C6: Thoracalgia FT | E6: FT | J6: FT | O6: FT | P6: Representation Emitter FT | R6: Ardor Blossom Star FT | T6: FT | W6: Command: Meltdown FT | Y6: FT | Z6: Season 1
B7: Lasso FT | R7: Fluid Sac FT | S7: Everlasting FT | Z7: Season 2
B8: 9:2 FT | C8: Fluid Sac DQ | D8: Queen of Hatred DQ | E8: DQ | I8: Yearning-Mircalla DQ | J8: DQ | O8: DQ | P8: La Sangre de Sancho DQ | Q8: Wishing Cairn DQ | R8: Telepole FT | T8: DQ | Y8: DQ | Z8: Season 2
C9: Telepole DQ | Z9: Season 3
A10: Soda RS | B10: Electric Screaming DQ | D10: Contempt, Awe RS | E10: RS | J10: RS | O10: RS | R10: Red Sheet DQ | T10: RS | U10: Forest for the Flame RS | Y10: RS | Z10: Season 3
B11: Lifetime Stew DQ | C11: Red Eyes (Open) RS | S11: Great Trichiliocosm RS | Z11: Season 4
C12: 4th Match Flame RS | D12: Yearning-Mircalla MS | E12: MS | J12: MS | O12: MS | P12: Chains of Others MS | Q12: Regret MS | R12: Thoracalgia RS | T12: MS | Y12: MS | Z12: Season 4
B13: Blind Obsession RS | S13: Crushbound Past MS | Z13: Season 5
B14: Red Eyes RS | C14: Pursuance MS | E14: HL | J14: HL | O14: HL | P14: Land of Illusion HL | T14: HL | V14: Cavernous Wailing HL | W14: To Remain Oneself HL | X14: Tarnished Blood HL | Y14: HL | Z14: Season 5
C15: Capote MS | Z15: Season 6
A16: Holiday HC | B16: Screwloose Wallop MS | E16: HC | J16: HC | O16: HC | P16: Bodysack HC | Q16: Move-in Reg. HC | R16: Asymmetrical Inertia HC | T16: HC | Y16: HC | Z16: Season 6
B17: Electric Screaming MS | C17: Dimension Shredder HL | Q17: Fell Bullet HC | S17: Binds HC | Z17: Season 7
C18: Effervescent Corrosion HL | E18: IS | J18: IS | O18: IS | P18: Hundred-Footed Death Maggot IS | T18: IS | Y18: IS | Z18: Season 7
B19: Roseate Desire HL | P19: Snagharpoon IS | S19: Blind Obsession IS | Z19: Season 8
B20: Lasso HL | C20: Ya Śūnyatā Tad Rūpam HC | E20: RD | J20: RD | O20: RD | R20: Ardor Blossom Star IS | T20: RD | Y20: RD | Z20: Season 8
B21: Soda HL | C21: Telepole HC | P21: What is Cast RD | Q21: Rime Shank RD | R21: Christmas Nightmare IS | S21: Sanguine Desire RD | Z21: Season 9
A22: Cavernous Wailing SC | E22: SC | J22: SC | O22: SC | R22: Tidal Elegy IS | S22: Indicant's Trial RD | T22: SC | Y22: SC | Z22: Season 9
B23: AEDD HC | C23: Wingbeat IS | P23: Branch of Knowledge SC | Z23: Season 10
E24: OT | J24: OT | O24: OT | R24: Hex Nail RD | S24: Tarnished Blood SC | T24: OT | Y24: OT | Z24: Season 10
B25: Roseate Desire IS | C25: 4th Match Flame RD | P25: To Páthos Máthos OT | Q25: Ya Śūnyatā Tad Rūpam OT | Z25: Season 11
A26: Legerdemain GG | B26: Bygone Days IS | C26: Pursuance RD | D26: Garden of Thorns GG | E26: GG | J26: GG | O26: GG | P26: I'll Go fer Scissors. OT | R26: Harmony SC | S26: Binds OT | T26: GG | Y26: GG | Z26: Season 11
B27: Capote IS | Q27: Lantern GG | Z27: Season 12
C28: Lantern SC | P28: Suddenly, One Day GG | R28: Magic Bullet OT | S28: Unbrilliant Glory GG | Z28: Season 12
B29: Effervescent Corrosion RD | C29: 9:2 SC | Z29: ZAYIN TS3, TS4
R30: AEDD GG | Z30: =F3*20+(F3+K3)*60 -> 0
B31: Impending Day SC | C31: Dimension Shredder OT | Z31: =Z30+(F3+K3+P3)*110 -> 1430
B32: Lifetime Stew SC | C32: Ebony Stem OT | Z32: TETH TS3, TS4
B33: Hex Nail SC | C33: Holiday OT | Z33: =G3*25+(G3+L3)*70 -> 0
Z34: =Z30+(G3+L3+Q3)*130 -> 1040
B35: Sunshower OT | C35: Christmas Nightmare GG | Z35: HE TS3, TS4
C36: Solemn Lament GG | Z36: =H3*30+(H3+M3)*80 -> 0
B37: Bygone Days GG | Z37: =Z30+(H3+M3+R3)*150 -> 2100
Z38: WAW TS3, TS4
Z39: =I3*35+(I3+N3)*90 -> 125
Z40: =Z30+(I3+N3+S3)*170 -> 2210

Sheet Data Playground
A1: Level | B1: Exp | C1: Total Exp | D1: Manager Level | E1: Manager Level XP | F1: Max Enkephalin | G1: Max Increase | H1: ID Level | I1: =IFERROR(__xludf.DUMMYFUNCTION("BYCOL(A2:A401, LAMBDA(col, SPARKLINE(col)))"),"")
A2: 1 | B2: 0 | C2: 0 | D2: 1 | E2: 15 | F2: 60 | G2: 0
A3: 2 | B3: 10 | C3: 10 | D3: 2 | E3: 30 | F3: 63 | G3: 3
A4: 3 | B4: 12 | C4: 22 | D4: 3 | E4: 35 | F4: 66 | G4: 3
A5: 4 | B5: 15 | C5: 37 | D5: 4 | E5: 40 | F5: 69 | G5: 3 | H5: Exp Requirement Per ID Level | I5: =IFERROR(__xludf.DUMMYFUNCTION("BYCOL(B2:B401, LAMBDA(col, SPARKLINE(col)))"),"")
A6: 5 | B6: 20 | C6: 57 | D6: 5 | E6: 47 | F6: 72 | G6: 3
A7: 6 | B7: 27 | C7: 84 | D7: 6 | E7: 58 | F7: 75 | G7: 3
A8: 7 | B8: 40 | C8: 124 | D8: 7 | E8: 69 | F8: 78 | G8: 3
A9: 8 | B9: 59 | C9: 183 | D9: 8 | E9: 80 | F9: 80 | G9: 2 | H9: Total XP Requirement for Each ID Level | I9: =IFERROR(__xludf.DUMMYFUNCTION("BYCOL(C2:C401, LAMBDA(col, SPARKLINE(col)))"),"")
A10: 9 | B10: 88 | C10: 271 | D10: 9 | E10: 93 | F10: 82 | G10: 2
A11: 10 | B11: 125 | C11: 396 | D11: 10 | E11: 106 | F11: 84 | G11: 2
A12: 11 | B12: 168 | C12: 564 | D12: 11 | E12: 119 | F12: 86 | G12: 2
A13: 12 | B13: 227 | C13: 791 | D13: 12 | E13: 136 | F13: 88 | G13: 2 | H13: Manager Level | I13: =IFERROR(__xludf.DUMMYFUNCTION("BYCOL(D$2:D$401, LAMBDA(col, SPARKLINE(col)))"),"")
A14: 13 | B14: 298 | C14: 1089 | D14: 13 | E14: 153 | F14: 90 | G14: 2
A15: 14 | B15: 381 | C15: 1470 | D15: 14 | E15: 170 | F15: 92 | G15: 2
A16: 15 | B16: 482 | C16: 1952 | D16: 15 | E16: 189 | F16: 94 | G16: 2
A17: 16 | B17: 591 | C17: 2543 | D17: 16 | E17: 208 | F17: 96 | G17: 2 | H17: Exp Requirement for each Manager Level | I17: =IFERROR(__xludf.DUMMYFUNCTION("BYCOL(E$2:E$401, LAMBDA(col, SPARKLINE(col)))"),"")
A18: 17 | B18: 728 | C18: 3271 | D18: 17 | E18: 227 | F18: 98 | G18: 2
A19: 18 | B19: 885 | C19: 4156 | D19: 18 | E19: 250 | F19: 100 | G19: 2
A20: 19 | B20: 1064 | C20: 5220 | D20: 19 | E20: 273 | F20: 102 | G20: 2
A21: 20 | B21: 1261 | C21: 6481 | D21: 20 | E21: 296 | F21: 104 | G21: 2 | H21: Max Enkephalin per Manager Level | I21: =IFERROR(__xludf.DUMMYFUNCTION("BYCOL(F$2:F$401, LAMBDA(col, SPARKLINE(col)))"),"")
A22: 21 | B22: 1488 | C22: 7969 | D22: 21 | E22: 326 | F22: 105 | G22: 1
A23: 22 | B23: 1739 | C23: 9708 | D23: 22 | E23: 356 | F23: 106 | G23: 1
A24: 23 | B24: 2016 | C24: 11724 | D24: 23 | E24: 386 | F24: 107 | G24: 1
A25: 24 | B25: 2327 | C25: 14051 | D25: 24 | E25: 418 | F25: 108 | G25: 1 | H25: Max Enkephalin Increased per Manager Level | I25: =IFERROR(__xludf.DUMMYFUNCTION("BYCOL(G$2:G$401, LAMBDA(col, SPARKLINE(col, {""charttype"", ""column""})))"),"")
A26: 25 | B26: 2674 | C26: 16725 | D26: 25 | E26: 450 | F26: 109 | G26: 1
A27: 26 | B27: 3047 | C27: 19772 | D27: 26 | E27: 482 | F27: 110 | G27: 1
A28: 27 | B28: 3456 | C28: 23228 | D28: 27 | E28: 516 | F28: 111 | G28: 1
A29: 28 | B29: 3899 | C29: 27127 | D29: 28 | E29: 550 | F29: 112 | G29: 1
A30: 29 | B30: 4378 | C30: 31505 | D30: 29 | E30: 584 | F30: 113 | G30: 1
A31: 30 | B31: 4899 | C31: 36404 | D31: 30 | E31: 620 | F31: 114 | G31: 1
A32: 31 | B32: 3899 | C32: 40303 | D32: 31 | E32: 656 | F32: 115 | G32: 1
A33: 32 | B33: 4378 | C33: 44681 | D33: 32 | E33: 692 | F33: 116 | G33: 1
A34: 33 | B34: 4899 | C34: 49580 | D34: 33 | E34: 736 | F34: 117 | G34: 1
A35: 34 | B35: 5468 | C35: 55048 | D35: 34 | E35: 780 | F35: 118 | G35: 1
A36: 35 | B36: 6075 | C36: 61123 | D36: 35 | E36: 824 | F36: 119 | G36: 1
A37: 36 | B37: 4899 | C37: 66022 | D37: 36 | E37: 871 | F37: 120 | G37: 1
... A51: 50 | B51: 7413 | C51: 166084 | D51: 50 | E51: 1613 | F51: 130 | G51: 1
A52: 51 | B52: 8156 | C52: 174240 | D52: 51 | E52: 1674 | F52: 130 | G52: 0 | H52: =B61-B56 -> 797
A53: 52 | B53: 8156 | C53: 182396 | D53: 52 | E53: 1735 | F53: 131 | G53: 1 | H53: =B52-B47 -> 743
A54: 53 | B54: 8156 | C54: 190552 | D54: 53 | E54: 1796 | F54: 131 | G54: 0 | H54: =8953+743 -> 9696
A55: 54 | B55: 8156 | C55: 198708 | D55: 54 | E55: 1860 | F55: 132 | G55: 1 | H55: =9696+797 -> 10493
A56: 55 | B56: 8156 | C56: 206864 | D56: 55 | E56: 1924 | F56: 132 | G56: 0 | H56: =10493+743 -> 11236
A57: 56 | B57: 8953 | C57: 215817 | D57: 56 | E57: 1988 | F57: 133 | G57: 1 | H57: =11236+797 -> 12033
A58: 57 | B58: 8953 | C58: 224770 | D58: 57 | E58: 2062 | F58: 133 | G58: 0 | H58: =H57+H53 -> 12776
A59: 58 | B59: 8953 | C59: 233723 | D59: 58 | E59: 2136 | F59: 134 | G59: 1 | H59: =H58+H52 -> 13573
A60: 59 | B60: 8953 | C60: 242676 | D60: 59 | E60: 2210 | F60: 134 | G60: 0 | H60: =H59+H53 -> 14316
A61: 60 | B61: 8953 | C61: 251629 | D61: 60 | E61: 2286 | F61: 135 | G61: 1 | H61: =H60+H52 -> 15113
A62: 61 | B62: 9696 | C62: =C61+B62 -> 261325 | D62: 61 | E62: 2362 | F62: 135 | G62: 0
A63: 62 | B63: 9696 | C63: =C62+B63 -> 271021 | D63: 62 | E63: 2438 | F63: 136 | G63: 1
A64: 63 | B64: 9696 | C64: =C63+B64 -> 280717 | D64: 63 | E64: 2516 | F64: 136 | G64: 0
A65: 64 | B65: 9696 | C65: =C64+B65 -> 290413 | D65: 64 | E65: 2594 | F65: 137 | G65: 1
A66: 65 | B66: 9696 | C66: =C65+B66 -> 300109 | D66: 65 | E66: 2672 | F66: 137 | G66: 0
A67: 66 | B67: 10493 | C67: =C66+B67 -> 310602 | D67: 66 | E67: 2752 | F67: 138 | G67: 1
A68: 67 | B68: 10493 | C68: =C67+B68 -> 321095 | D68: 67 | E68: 2832 | F68: 138 | G68: 0
A69: 68 | B69: 10493 | C69: =C68+B69 -> 331588 | D69: 68 | E69: 2912 | F69: 139 | G69: 1
A70: 69 | B70: 10493 | C70: =C69+B70 -> 342081 | D70: 69 | E70: 3000 | F70: 139 | G70: 0
A71: 70 | B71: 10493 | C71: =C70+B71 -> 352574 | D71: 70 | E71: 3088 | F71: 140 | G71: 1
A72: 71 | B72: 11236 | C72: =C71+B72 -> 363810 | D72: 71 | E72: 3176 | F72: 140 | G72: 0
A73: 72 | B73: 11236 | C73: =C72+B73 -> 375046 | D73: 72 | E73: 3266 | F73: 140 | G73: 0
... A101: 100 | B101: 15113 | C101: =C100+B101 -> 747809 | D101: 100 | E101: 6228 | F101: 150 | G101: 1
D102: 101 | E102: 6347 | F102: 150 | G102: 0
D103: 102 | E103: 6467 | F103: 150 | G103: 0
D104: 103 | E104: 6587 | F104: 151 | G104: 1
D105: 104 | E105: 6707 | F105: 151 | G105: 0
D106: 105 | E106: 6828 | F106: 151 | G106: 0
D107: 106 | E107: 6949 | F107: 152 | G107: 1
D108: 107 | E108: 7070 | F108: 152 | G108: 0
D109: 108 | E109: 7192 | F109: 152 | G109: 0
D110: 109 | E110: 7314 | F110: 153 | G110: 1
D111: 110 | E111: 7436 | F111: 153 | G111: 0
D112: 111 | E112: 7559 | F112: 153 | G112: 0
D113: 112 | E113: 7682 | F113: 154 | G113: 1
... D401: 400 | E401: 56759 | F401: 250 | G401: 1

Sheet Bokgak Teams
A1: Regular Check Up | B1: Field Team | H1: Support Team
A2: 7.5-6 | G2: Full-Stop HL | H2: Index YS | I2: Heishou FT | J2: BL DQ | K2: Daiyu RS | L2: BL MS | M2: 2
A3: Poise | E3: Pinky SC Support | H3: Wild Hunt HC | I3: Xichun IS | J3: Princess RD | K3: 1 | L3: BL OT | M3: Heishou GG
A4: 7.5-7 | C4: LCE FT | F4: Thumb MS | H4: Heishou YS | I4: 1 | J4: Heishou DQ | K4: Daiyu RS | L4: 3 | M4: Lord HL
A5: Rupture | G5: Firefist GG Support | H5: Heishou HC | I5: Xichun IS | J5: Heishou RD | K5: Heishou SC | L5: Heishou OT | M5: 2
A6: 7.5-8 | H6: Solemn Lament YS | I6: WH FT | J6: Index DQ | K6: FA&S RS | L6: Thumb MS | M6: Tingtang HL
A7: Sinking | B7: Wild Hunt HC | D7: KoD RD | F7: Udjat OT | H7: 2 | I7: Hanafuda IS | J7: 1 | K7: Mariachi SC | L7: 3 | M7: Lamp GG
A8: 7.5-9 | E8: FA&S RS | H8: Solemn Lament YS | I8: LCE FT | J8: T DQ | K8: 1 | L8: Thumb MS | M8: D20 HL
A9: Tremor Sinking | C9: Hanafuda IS | H9: Wild Hunt HC | I9: 2 | J9: KoD RD | K9: Thumb SC | L9: WH OT | M9: AEDD GG
A10: 7.5-10 | B10: Index YS | D10: Index DQ | H10: 1 | I10: LCE FT | J10: 2 | K10: FA&S RS | L10: Cinq MS | M10: Tingtang HL
A11: Poise Sinking | H11: Wild Hunt HC | I11: Hanafuda IS | J11: KoD RD | K11: Mariachi SC | L11: WH OT | M11: Lamp GG
A12: 7.5-11 | B12: Heishou YS | C12: Heishou FT | D12: M.I.A | E12: 7 | F12: 11 | G12: Lord HL | H12: 3 | I12: 2 | J12: M.I.A | K12: Daiyu RS | L12: Cinq MS | M12: 1
A13: Poise Rupture | B13: Heishou HC | C13: 8 | D13: Heishou RD | E13: 10 | F13: 9 | G13: Heishou GG | H13: 4 | I13: Xichun IS | J13: 5 | K13: Heishou SC | L13: Heishou OT | M13: 6
A14: 7.5-Bokgak | B14: Index YS | C14: Heishou FT | D14: Index DQ | E14: FA&S RS | F14: Cinq MS | G14: Full-Stop HL
B15: Wild Hunt HC | C15: Hanafuda IS | D15: KoD RD | E15: Pinky SC Support | F15: Udjat OT | G15: Firefist GG Support
A16: Nocturnal Sweeping | B16: Field Team | H16: Support Team
A17: 7.5-16, 18, 19, 24 | B17: Heishou YS | C17: Heishou FT | D17: 11 | E17: Heishou RS | F17: 12 | G17: Lord HL | H17: 3 | I17: 2 | J17: Middle DQ | K17: 4 | L17: Middle MS | M17: 1
A18: Rupture - Middle | B18: 8 | C18: 9 | D18: Heishou RD | E18: 10 | F18: Heishou OT | G18: Heishou GG | H18: Middle HC | I18: Middle IS | J18: 6 | K18: Middle SC | L18: 5 | M18: 7
A19: 7.5-22, 23 | B19: Dead | C19: Dead | D19: Heishou DQ | E19: Heishou RS | F19: Cinq MS | G19: Dead | H19: Heishou YS | I19: Heishou FT | J19: 4 | K19: 1 | L19: 5 | M19: Lord HL
A20: Rupture | B20: Dead | C20: Dead | D20: Dead | E20: Dead | F20: Heishou OT | G20: Heishou GG | H20: Middle HC | I20: Middle IS | J20: Heishou RD | K20: Middle SC | L20: 2 | M20: 3
A21: 7.5-2-Bokgak | B21: Heishou YS | C21: Heishou FT | D21: Heishou DQ | E21: Heishou RS | F21: Middle MS | G21: Lord HL
A22: Rupture - Middle | B22: Middle HC | C22: Middle IS | D22: Heishou RD | E22: Middle SC | F22: Heishou OT | G22: Heishou GG
A23: Ricardo Reflectrials | B23: Field Team | H23: Support Team
A24: Phase 1 | B24: 10 | C24: 11 | D24: Middle DQ | E24: 9 | F24: Middle MS | G24: 8 | H24: Ring YS | I24: Base FT | J24: 5 | K24: Awe RS | L24: 6 | M24: Ring HL
A25: Middle | B25: Middle HC | C25: Middle IS | D25: 12 | E25: Middle SC | F25: Middle OT | G25: AEDD GG | H25: 1 | I25: 3 | J25: LCCB RD | K25: 4 | L25: 2 | M25: 7
A26: Phase 2 | B26: Heishou YS | C26: Heishou FT | D26: 10 | E26: 8 | F26: 12 | G26: Lord HL | H26: 3 | I26: 2 | J26: Heishou DQ | K26: Daiyu RS | L26: Cinq MS | M26: 1
A27: Heishou | B27: Heishou HC | C27: Xichun IS | D27: Heishou RD | E27: 11 | F27: Heishou OT | G27: 9 | H27: 4 | I27: 6 | J27: 5 | K27: Heishou SC | L27: 7 | M27: Heishou GG
A28: Spring Cultivation | B28: Field Team | H28: Support Team
A29: 8.5-Stages | B29: Heishou YS | C29: Heishou FT | D29: 10 | E29: 8 | F29: 12 | G29: Lord HL | H29: 3 | I29: 2 | J29: Heishou DQ | K29: Daiyu RS | L29: Night Drifter MS | M29: 1
A30: Poise Rupture | B30: Heishou HC | C30: Xichun IS | D30: Heishou RD | E30: 11 | F30: 9 | G30: Heishou GG | H30: 4 | I30: 6 | J30: 5 | K30: Heishou SC | L30: Heishou OT | M30: 7
A31: 8.5-Bokgak | B31: Heishou YS | C31: Heishou FT | D31: Heishou DQ | E31: Daiyu RS | F31: Night Drifter MS | G31: Lord HL
A32: Poise Rupture | B32: Heishou HC | C32: Xichun IS | D32: Heishou RD | E32: Heishou SC | F32: Heishou OT | G32: Heishou GG
A33: Twining Threads | B33: Field Team | H33: Support Team
A34: 9.5-Stages | B34: Ring YS | C34: Ring FT | D34: Ring DQ | E34: 11 | F34: Ring MS | G34: Ring HL | H34: 6 | I34: 2 | J34: 5 | K34: Awe RS | L34: 4 | M34: 1
A35: Bleed Ring | B35: 9 | C35: 8 | D35: Ring RD | E35: 10 | F35: 12 | G35: Ring GG | H35: Kurokumo HC | I35: Kurokumo IS | J35: 3 | K35: Pinky SC | L35: Ring OT | M35: 7
A36: 9.5-Bokgak | B36: Ring YS | C36: Ring FT | D36: Ring DQ | E36: Awe RS | F36: Ring MS | G36: Ring HL
A37: Bleed Ring | B37: Kurokumo HC | C37: Kurokumo IS | D37: Ring RD | E37: Pinky SC | F37: Ring OT | G37: Ring GG
A38: Rufo Reflectrials | B38: Field Team | H38: Support Team
A39: Phase 1 | B39: Ring YS | C39: Ring FT | D39: 8 | E39: 11 | F39: Ring MS | G39: Ring HL | H39: 5 | I39: 2 | J39: Ring DQ | K39: Awe RS | L39: 4 | M39: 1
A40: Bleed Ring | B40: Kurokumo HC | C40: Kurokumo IS | D40: Ring RD | E40: 10 | F40: 12 | G40: 9 | H40: 6 | I40: 7 | J40: 3 | K40: Pinky SC | L40: Ring OT | M40: Ring GG
A41: Phase 2 | B41: Index YS | C41: 9 | D41: Index DQ | E41: FA&S RS | F41: 10 | G41: 11 | H41: 1 | I41: WH FT | J41: 2 | K41: 4 | L41: Cinq MS | M41: R HL
A42: Sinking | B42: WH HC | C42: Hanafuda IS | D42: KoD RD | E42: 12 | F42: 8 | G42: AEDD GG | H42: 7 | I42: 5 | J42: 3 | K42: Mariachi SC | L42: WH OT | M42: 6
A43: Mnestic Experience | B43: Field Team | H43: Support Team
A44: 9.5-2-Stages | B44: 10 | C44: 9 | D44: 12 | E44: Daiyu RS | F44: BL MS | G44: S Corp HL | H44: BL YS | I44: BL FT | J44: BL DQ | K44: 5 | L44: 2 | M44: 3
A45: Poise | B45: Heishou HC | C45: LCD IS | D45: Heishou RD | E45: 8 | F45: 11 | G45: Heishou GG | H45: 7 | I45: 1 | J45: 4 | K45: Heishou SC | L45: BL OT | M45: 6
A46: 9.5-2-Bokgak | B46: BL YS | C46: BL FT | D46: BL DQ | E46: Daiyu RS | F46: BL MS | G46: S Corp HL
A47: Poise | B47: Heishou HC | C47: LCD IS | D47: Heishou RD | E47: Heishou SC | F47: BL OT | G47: Heishou GG
A48: ??? Reflectrials | B48: Field Team | H48: Support Team
A49: Phase 1 | B49: Heishou YS | C49: Heishou FT | D49: 10 | E49: 8 | F49: 12 | G49: Lord HL | H49: 3 | I49: 2 | J49: Heishou DQ | K49: Daiyu RS | L49: Night Drifter MS | M49: 1
A50: Poise Rupture | B50: Heishou HC | C50: Xichun IS | D50: Heishou RD | E50: 11 | F50: 9 | G50: Heishou GG | H50: 4 | I50: 6 | J50: 5 | K50: Heishou SC | L50: Heishou OT | M50: 7
A51: Phase 2 | B51: 12 | C51: LCE FT | D51: 10 | E51: Araya RS | F51: Hornet MS | G51: S Corp HL | H51: Ring YS | I51: 7 | J51: Mancha DQ | K51: 6 | L51: 2 | M51: 1
A52: Burn Bleed? | B52: Middle HC | C52: Middle IS | D52: 9 | E52: 8 | F52: Middle OT | G52: 11 | H52: 4 | I52: 5 | J52: Ring RD | K52: Pinky SC | L52: 3 | M52: Night Awl GG
